Episode,Total Reward,Steps Taken,state,Path,Final_position,Epsilon,Done
1,-1,20,"(2, 0)","(1, 0);(0, 0);(0, 0);(1, 0);(1, 1);(0, 1);(0, 1);(0, 0);(0, 0);(0, 1);(0, 0);(1, 0);(2, 0);(2, 0);(3, 0);(3, 1);(3, 0);(2, 0);(1, 0);(2, 0)","(3, 0)",0.995,False
2,-4,20,"(1, 0)","(0, 0);(0, 1);(0, 0);(0, 0);(0, 0);(1, 0);(1, 0);(2, 0);(2, 0);(1, 0);(1, 1);(1, 0);(1, 1);(2, 1);(1, 1);(1, 2);(1, 1);(1, 0);(1, 0);(1, 0)","(1, 0)",0.990025,False
3,-2,20,"(4, 1)","(0, 0);(1, 0);(1, 0);(0, 0);(0, 0);(0, 0);(0, 0);(0, 0);(0, 1);(1, 1);(0, 1);(0, 1);(1, 1);(2, 1);(2, 2);(3, 2);(4, 2);(5, 2);(5, 1);(4, 1)","(5, 1)",0.985074875,False
4,-1,20,"(3, 2)","(0, 0);(0, 1);(0, 1);(0, 1);(0, 0);(0, 0);(0, 1);(0, 1);(0, 0);(0, 0);(1, 0);(1, 0);(1, 1);(2, 1);(2, 2);(3, 2);(3, 1);(2, 1);(2, 2);(3, 2)","(2, 2)",0.9801495006250001,False
5,0,20,"(2, 4)","(0, 1);(0, 2);(0, 3);(0, 3);(1, 3);(2, 3);(2, 4);(2, 5);(1, 5);(2, 5);(2, 5);(3, 5);(3, 5);(2, 5);(1, 5);(1, 5);(2, 5);(2, 5);(2, 5);(2, 4)","(2, 5)",0.9752487531218751,False
6,-4,20,"(2, 0)","(0, 0);(0, 0);(1, 0);(1, 0);(1, 1);(1, 0);(1, 0);(1, 1);(0, 1);(1, 1);(1, 0);(1, 1);(2, 1);(2, 0);(2, 1);(2, 0);(3, 0);(2, 0);(3, 0);(2, 0)","(3, 0)",0.9703725093562657,False
7,-2,20,"(0, 2)","(1, 0);(1, 1);(1, 2);(0, 2);(1, 2);(1, 1);(1, 2);(0, 2);(0, 2);(0, 2);(0, 3);(0, 2);(0, 2);(0, 2);(0, 3);(0, 2);(0, 3);(0, 4);(0, 3);(0, 2)","(1, 2)",0.9655206468094844,False
8,0,20,"(0, 0)","(0, 0);(0, 0);(1, 0);(0, 0);(0, 0);(0, 0);(0, 0);(0, 0);(1, 0);(1, 0);(2, 0);(3, 0);(3, 0);(4, 0);(3, 0);(3, 1);(3, 0);(2, 0);(1, 0);(0, 0)","(0, 0)",0.960693043575437,False
9,-1,20,"(0, 0)","(0, 0);(1, 0);(1, 0);(1, 0);(0, 0);(1, 0);(0, 0);(0, 0);(0, 1);(0, 2);(0, 3);(0, 2);(0, 1);(1, 1);(1, 0);(0, 0);(0, 0);(1, 0);(0, 0);(0, 0)","(1, 0)",0.9558895783575597,False
10,-1,20,"(0, 3)","(0, 0);(1, 0);(0, 0);(0, 0);(0, 0);(1, 0);(1, 1);(1, 2);(2, 2);(2, 1);(2, 2);(1, 2);(1, 3);(1, 4);(0, 4);(0, 4);(1, 4);(0, 4);(0, 4);(0, 3)","(0, 2)",0.9511101304657719,False
11,-2,20,"(0, 1)","(0, 0);(0, 0);(0, 1);(1, 1);(2, 1);(2, 0);(1, 0);(2, 0);(1, 0);(1, 0);(2, 0);(1, 0);(1, 0);(0, 0);(0, 1);(1, 1);(1, 0);(0, 0);(0, 0);(0, 1)","(1, 1)",0.946354579813443,False
12,-3,20,"(0, 0)","(1, 0);(1, 1);(0, 1);(1, 1);(1, 0);(1, 0);(0, 0);(0, 0);(1, 0);(0, 0);(0, 1);(1, 1);(1, 0);(1, 0);(0, 0);(0, 0);(0, 0);(1, 0);(0, 0);(0, 0)","(1, 0)",0.9416228069143757,False
13,0,20,"(5, 3)","(1, 0);(2, 0);(2, 0);(3, 0);(3, 0);(3, 1);(3, 2);(3, 3);(3, 4);(4, 4);(4, 3);(3, 3);(3, 4);(2, 4);(2, 3);(3, 3);(3, 2);(4, 2);(4, 3);(5, 3)","(5, 3)",0.9369146928798039,False
14,-2,20,"(3, 0)","(0, 1);(1, 1);(1, 0);(1, 1);(2, 1);(2, 2);(2, 1);(2, 2);(3, 2);(3, 3);(3, 2);(3, 1);(2, 1);(2, 0);(2, 0);(3, 0);(3, 0);(4, 0);(3, 0);(3, 0)","(3, 0)",0.9322301194154049,False
15,-2,20,"(2, 1)","(1, 0);(1, 0);(2, 0);(1, 0);(1, 1);(0, 1);(0, 0);(0, 0);(0, 1);(0, 0);(0, 1);(0, 1);(0, 2);(1, 2);(1, 1);(1, 0);(2, 0);(2, 0);(2, 0);(2, 1)","(1, 1)",0.9275689688183278,False
16,0,20,"(1, 3)","(0, 0);(0, 0);(0, 1);(0, 2);(0, 2);(0, 2);(0, 2);(1, 2);(0, 2);(0, 3);(0, 3);(1, 3);(1, 4);(2, 4);(2, 5);(1, 5);(1, 5);(1, 5);(1, 4);(1, 3)","(0, 3)",0.9229311239742362,False
17,0,20,"(5, 3)","(1, 0);(2, 0);(2, 0);(1, 0);(0, 0);(0, 0);(1, 0);(2, 0);(2, 1);(3, 1);(4, 1);(4, 0);(4, 1);(3, 1);(4, 1);(5, 1);(4, 1);(4, 2);(4, 3);(5, 3)","(5, 3)",0.918316468354365,False
18,0,20,"(4, 2)","(0, 0);(1, 0);(2, 0);(3, 0);(4, 0);(4, 0);(4, 0);(4, 0);(4, 1);(5, 1);(4, 1);(4, 0);(5, 0);(5, 0);(5, 0);(5, 1);(5, 2);(4, 2);(4, 1);(4, 2)","(4, 1)",0.9137248860125932,False
19,-1,20,"(3, 5)","(0, 0);(1, 0);(1, 1);(0, 1);(0, 1);(0, 2);(0, 3);(0, 4);(0, 4);(0, 5);(0, 5);(0, 4);(0, 4);(1, 4);(2, 4);(2, 5);(3, 5);(3, 5);(3, 4);(3, 5)","(4, 5)",0.9091562615825302,False
20,-2,20,"(1, 1)","(0, 0);(0, 0);(0, 0);(1, 0);(0, 0);(0, 0);(0, 0);(0, 1);(0, 1);(0, 1);(0, 0);(0, 0);(1, 0);(0, 0);(0, 0);(0, 0);(1, 0);(1, 1);(1, 2);(1, 1)","(1, 2)",0.9046104802746175,False
21,-2,20,"(0, 3)","(0, 0);(1, 0);(1, 1);(1, 0);(0, 0);(1, 0);(0, 0);(0, 0);(0, 0);(0, 0);(0, 0);(0, 1);(0, 1);(0, 1);(1, 1);(0, 1);(0, 2);(0, 1);(0, 2);(0, 3)","(0, 4)",0.9000874278732445,False
22,-1,20,"(3, 2)","(0, 0);(0, 0);(0, 0);(0, 0);(1, 0);(0, 0);(0, 0);(1, 0);(1, 1);(2, 1);(3, 1);(3, 0);(2, 0);(3, 0);(3, 1);(4, 1);(4, 2);(3, 2);(4, 2);(3, 2)","(4, 2)",0.8955869907338783,False
23,-3,20,"(0, 0)","(0, 0);(1, 0);(0, 0);(0, 0);(0, 0);(0, 1);(1, 1);(2, 1);(1, 1);(0, 1);(0, 2);(0, 2);(0, 1);(1, 1);(0, 1);(0, 0);(0, 0);(0, 0);(0, 0);(0, 0)","(0, 1)",0.8911090557802088,False
24,-2,20,"(1, 2)","(0, 0);(0, 1);(0, 0);(0, 1);(0, 1);(1, 1);(1, 0);(2, 0);(2, 0);(2, 0);(2, 0);(3, 0);(2, 0);(2, 0);(1, 0);(1, 0);(0, 0);(1, 0);(1, 1);(1, 2)","(1, 1)",0.8866535105013078,False
25,-2,20,"(0, 1)","(0, 0);(0, 0);(0, 0);(0, 0);(0, 0);(0, 1);(0, 2);(1, 2);(1, 1);(2, 1);(1, 1);(1, 0);(2, 0);(2, 1);(3, 1);(2, 1);(2, 0);(1, 0);(0, 0);(0, 1)","(1, 1)",0.8822202429488013,False
26,-2,20,"(4, 1)","(0, 1);(1, 1);(1, 0);(1, 1);(2, 1);(3, 1);(4, 1);(4, 2);(3, 2);(4, 2);(4, 1);(3, 1);(3, 0);(2, 0);(2, 0);(2, 1);(3, 1);(4, 1);(4, 2);(4, 1)","(4, 0)",0.8778091417340573,False
27,-3,20,"(0, 2)","(0, 1);(0, 0);(0, 0);(0, 0);(1, 0);(0, 0);(1, 0);(1, 0);(1, 1);(1, 0);(1, 1);(0, 1);(1, 1);(0, 1);(0, 1);(0, 0);(0, 0);(0, 1);(0, 2);(0, 2)","(0, 3)",0.8734200960253871,False
28,-2,20,"(4, 0)","(0, 1);(0, 2);(1, 2);(1, 1);(1, 0);(1, 1);(1, 2);(2, 2);(3, 2);(3, 1);(4, 1);(4, 0);(3, 0);(3, 1);(4, 1);(5, 1);(4, 1);(3, 1);(3, 0);(4, 0)","(5, 0)",0.8690529955452602,False
29,-3,20,"(0, 5)","(0, 0);(0, 1);(1, 1);(0, 1);(0, 0);(0, 1);(1, 1);(0, 1);(0, 1);(0, 1);(1, 1);(0, 1);(0, 2);(0, 1);(0, 2);(0, 2);(0, 3);(0, 3);(0, 4);(0, 5)","(1, 5)",0.8647077305675338,False
30,0,20,"(0, 4)","(1, 0);(0, 0);(0, 0);(0, 1);(0, 2);(0, 2);(0, 3);(1, 3);(0, 3);(0, 4);(0, 4);(0, 4);(0, 4);(0, 5);(0, 4);(0, 3);(0, 4);(0, 3);(0, 4);(0, 4)","(0, 4)",0.8603841919146962,False
31,-1,20,"(5, 3)","(0, 0);(0, 0);(0, 0);(1, 0);(1, 0);(1, 1);(2, 1);(2, 0);(2, 1);(2, 0);(3, 0);(4, 0);(4, 1);(4, 2);(5, 2);(5, 1);(5, 2);(4, 2);(5, 2);(5, 3)","(5, 3)",0.8560822709551227,False
32,-1,20,"(3, 0)","(0, 1);(0, 1);(1, 1);(2, 1);(3, 1);(3, 0);(3, 0);(3, 0);(4, 0);(5, 0);(5, 0);(5, 0);(5, 0);(5, 0);(4, 0);(4, 1);(5, 1);(5, 0);(4, 0);(3, 0)","(2, 0)",0.851801859600347,False
33,-1,20,"(3, 2)","(1, 0);(1, 1);(2, 1);(3, 1);(2, 1);(3, 1);(4, 1);(4, 0);(4, 1);(3, 1);(4, 1);(4, 2);(4, 3);(5, 3);(5, 3);(4, 3);(5, 3);(5, 2);(4, 2);(3, 2)","(2, 2)",0.8475428503023453,False
34,-2,20,"(0, 1)","(0, 0);(0, 0);(0, 0);(0, 0);(0, 0);(0, 0);(0, 1);(0, 1);(0, 1);(0, 2);(0, 2);(0, 1);(1, 1);(1, 0);(1, 0);(1, 0);(0, 0);(0, 1);(1, 1);(0, 1)","(0, 1)",0.8433051360508336,False
35,-4,20,"(1, 1)","(0, 0);(0, 1);(1, 1);(1, 0);(0, 0);(0, 1);(1, 1);(2, 1);(2, 0);(2, 0);(2, 0);(1, 0);(2, 0);(2, 0);(1, 0);(1, 0);(1, 1);(1, 0);(1, 0);(1, 1)","(0, 1)",0.8390886103705794,False
36,-1,20,"(2, 0)","(0, 0);(0, 0);(0, 0);(1, 0);(1, 1);(1, 0);(1, 0);(1, 0);(0, 0);(1, 0);(2, 0);(2, 1);(2, 0);(3, 0);(3, 0);(2, 0);(1, 0);(2, 0);(2, 1);(2, 0)","(2, 1)",0.8348931673187264,False
37,-1,20,"(5, 3)","(0, 0);(0, 1);(0, 0);(0, 0);(1, 0);(1, 0);(1, 1);(2, 1);(3, 1);(4, 1);(4, 2);(5, 2);(4, 2);(5, 2);(5, 2);(5, 1);(5, 2);(5, 3);(5, 3);(5, 3)","(5, 2)",0.8307187014821328,False
38,4,20,"(5, 5)","(0, 1);(1, 1);(2, 1);(3, 1);(4, 1);(3, 1);(4, 1);(5, 1);(4, 1);(5, 1);(5, 2);(5, 3);(5, 4);(5, 3);(5, 3);(4, 3);(4, 4);(5, 4);(5, 4);(5, 5)","(4, 5)",0.8265651079747222,True
39,0,20,"(5, 2)","(1, 0);(2, 0);(3, 0);(3, 1);(3, 2);(4, 2);(5, 2);(5, 2);(5, 1);(5, 0);(5, 0);(5, 1);(5, 1);(5, 0);(5, 1);(5, 0);(4, 0);(4, 1);(5, 1);(5, 2)","(5, 3)",0.8224322824348486,False
40,-1,20,"(5, 3)","(0, 0);(0, 0);(1, 0);(1, 1);(2, 1);(2, 2);(2, 1);(2, 2);(3, 2);(4, 2);(5, 2);(5, 3);(5, 4);(4, 4);(5, 4);(5, 4);(4, 4);(4, 3);(5, 3);(5, 3)","(5, 3)",0.8183201210226743,False
41,-1,20,"(4, 2)","(0, 1);(1, 1);(2, 1);(2, 2);(2, 1);(2, 0);(1, 0);(2, 0);(3, 0);(3, 0);(4, 0);(4, 0);(4, 0);(4, 0);(4, 1);(4, 2);(4, 3);(5, 3);(4, 3);(4, 2)","(3, 2)",0.8142285204175609,False
42,-1,20,"(5, 1)","(0, 1);(0, 2);(0, 2);(0, 3);(1, 3);(0, 3);(0, 3);(0, 2);(1, 2);(1, 1);(1, 0);(2, 0);(3, 0);(3, 0);(4, 0);(5, 0);(5, 0);(4, 0);(4, 1);(5, 1)","(5, 0)",0.810157377815473,False
43,-3,20,"(4, 3)","(1, 0);(1, 0);(1, 1);(0, 1);(0, 0);(0, 0);(1, 0);(1, 0);(1, 0);(1, 0);(1, 1);(1, 2);(1, 1);(2, 1);(2, 2);(1, 2);(2, 2);(3, 2);(3, 3);(4, 3)","(4, 4)",0.8061065909263957,False
44,-1,20,"(4, 3)","(0, 0);(1, 0);(1, 0);(1, 1);(1, 2);(0, 2);(0, 3);(0, 3);(1, 3);(0, 3);(0, 2);(1, 2);(2, 2);(3, 2);(4, 2);(4, 1);(4, 2);(5, 2);(5, 3);(4, 3)","(4, 4)",0.8020760579717637,False
45,-1,20,"(4, 0)","(0, 0);(1, 0);(2, 0);(2, 1);(1, 1);(0, 1);(0, 1);(0, 0);(0, 0);(1, 0);(1, 0);(2, 0);(3, 0);(3, 0);(3, 0);(3, 1);(3, 2);(3, 1);(3, 0);(4, 0)","(4, 0)",0.798065677681905,False
46,-1,20,"(4, 2)","(1, 0);(1, 1);(2, 1);(2, 0);(3, 0);(3, 0);(4, 0);(4, 1);(4, 0);(4, 0);(3, 0);(3, 1);(4, 1);(4, 0);(5, 0);(5, 0);(5, 0);(4, 0);(4, 1);(4, 2)","(4, 3)",0.7940753492934954,False
47,0,20,"(5, 0)","(1, 0);(2, 0);(3, 0);(4, 0);(4, 1);(5, 1);(5, 2);(4, 2);(4, 3);(4, 4);(3, 4);(3, 3);(2, 3);(3, 3);(3, 2);(4, 2);(5, 2);(5, 2);(5, 1);(5, 0)","(5, 0)",0.7901049725470279,False
48,-1,20,"(5, 1)","(1, 0);(0, 0);(0, 0);(0, 1);(1, 1);(1, 2);(2, 2);(3, 2);(3, 1);(4, 1);(4, 2);(4, 1);(5, 1);(5, 1);(4, 1);(5, 1);(4, 1);(5, 1);(5, 1);(5, 1)","(5, 1)",0.7861544476842928,False
49,0,20,"(5, 1)","(1, 0);(0, 0);(1, 0);(0, 0);(0, 1);(0, 2);(0, 2);(0, 2);(1, 2);(2, 2);(1, 2);(2, 2);(3, 2);(3, 1);(4, 1);(5, 1);(4, 1);(3, 1);(4, 1);(5, 1)","(5, 1)",0.7822236754458713,False
50,-1,20,"(5, 2)","(1, 0);(2, 0);(2, 1);(1, 1);(1, 0);(2, 0);(3, 0);(4, 0);(5, 0);(5, 1);(5, 1);(5, 0);(5, 1);(5, 0);(5, 0);(5, 1);(4, 1);(5, 1);(5, 1);(5, 2)","(5, 2)",0.778312557068642,False
51,-1,20,"(5, 2)","(0, 1);(0, 2);(1, 2);(2, 2);(1, 2);(1, 1);(2, 1);(2, 0);(3, 0);(4, 0);(4, 0);(4, 1);(3, 1);(3, 2);(4, 2);(4, 3);(5, 3);(4, 3);(5, 3);(5, 2)","(5, 1)",0.7744209942832988,False
52,0,20,"(3, 0)","(0, 1);(0, 0);(0, 0);(0, 1);(0, 2);(1, 2);(0, 2);(1, 2);(1, 3);(2, 3);(2, 2);(3, 2);(4, 2);(5, 2);(4, 2);(5, 2);(5, 1);(4, 1);(3, 1);(3, 0)","(2, 0)",0.7705488893118823,False
53,-1,20,"(3, 4)","(0, 1);(0, 2);(0, 2);(0, 1);(1, 1);(2, 1);(2, 0);(2, 0);(2, 1);(3, 1);(2, 1);(2, 2);(1, 2);(0, 2);(0, 2);(0, 3);(0, 4);(1, 4);(2, 4);(3, 4)","(4, 4)",0.7666961448653229,False
54,20,20,"(4, 4)","(0, 0);(1, 0);(2, 0);(2, 0);(3, 0);(4, 0);(4, 0);(4, 1);(4, 2);(4, 3);(5, 3);(5, 4);(5, 5);(5, 5);(5, 5);(5, 5);(4, 5);(4, 5);(4, 5);(4, 4)","(4, 5)",0.7628626641409962,False
55,-3,20,"(5, 1)","(0, 1);(1, 1);(0, 1);(1, 1);(1, 0);(1, 1);(2, 1);(3, 1);(2, 1);(3, 1);(4, 1);(3, 1);(3, 2);(2, 2);(3, 2);(4, 2);(4, 1);(4, 2);(5, 2);(5, 1)","(5, 1)",0.7590483508202912,False
56,0,20,"(2, 3)","(0, 0);(0, 1);(0, 2);(0, 3);(1, 3);(1, 4);(1, 5);(2, 5);(3, 5);(3, 5);(2, 5);(2, 5);(2, 4);(1, 4);(2, 4);(3, 4);(3, 3);(2, 3);(3, 3);(2, 3)","(1, 3)",0.7552531090661897,False
57,-1,20,"(5, 1)","(0, 0);(0, 1);(0, 1);(0, 0);(0, 0);(1, 0);(0, 0);(1, 0);(1, 0);(1, 1);(0, 1);(0, 2);(0, 3);(1, 3);(2, 3);(2, 2);(3, 2);(3, 1);(4, 1);(5, 1)","(5, 1)",0.7514768435208588,False
58,-1,20,"(4, 4)","(1, 0);(1, 1);(1, 2);(2, 2);(2, 1);(3, 1);(3, 2);(3, 3);(3, 4);(3, 3);(3, 2);(3, 3);(3, 4);(4, 4);(3, 4);(3, 5);(2, 5);(3, 5);(3, 4);(4, 4)","(5, 4)",0.7477194593032545,False
59,0,20,"(4, 2)","(0, 1);(0, 2);(0, 3);(0, 4);(0, 3);(1, 3);(2, 3);(3, 3);(4, 3);(4, 4);(4, 5);(4, 4);(4, 3);(3, 3);(3, 2);(4, 2);(3, 2);(4, 2);(5, 2);(4, 2)","(4, 1)",0.7439808620067382,False
60,-2,20,"(1, 2)","(1, 0);(0, 0);(0, 0);(0, 0);(0, 0);(1, 0);(1, 0);(2, 0);(2, 0);(2, 0);(1, 0);(1, 1);(0, 1);(0, 1);(0, 2);(1, 2);(1, 1);(0, 1);(0, 2);(1, 2)","(2, 2)",0.7402609576967045,False
61,0,20,"(3, 4)","(0, 0);(1, 0);(0, 0);(0, 0);(1, 0);(2, 0);(3, 0);(3, 0);(3, 1);(3, 2);(3, 3);(2, 3);(3, 3);(3, 4);(3, 3);(3, 4);(3, 3);(3, 4);(2, 4);(3, 4)","(2, 4)",0.736559652908221,False
62,-3,20,"(0, 1)","(1, 0);(0, 0);(0, 0);(0, 0);(1, 0);(0, 0);(1, 0);(0, 0);(1, 0);(1, 1);(0, 1);(0, 2);(0, 3);(0, 3);(0, 2);(0, 1);(1, 1);(2, 1);(1, 1);(0, 1)","(0, 0)",0.7328768546436799,False
63,0,20,"(3, 4)","(0, 1);(0, 2);(0, 1);(0, 1);(0, 2);(1, 2);(2, 2);(3, 2);(3, 1);(4, 1);(4, 2);(4, 1);(4, 0);(4, 1);(4, 2);(4, 3);(4, 4);(4, 3);(3, 3);(3, 4)","(2, 4)",0.7292124703704616,False
64,0,20,"(5, 3)","(1, 0);(2, 0);(1, 0);(0, 0);(0, 0);(1, 0);(2, 0);(3, 0);(3, 0);(3, 0);(4, 0);(5, 0);(5, 0);(5, 1);(5, 1);(5, 1);(5, 2);(4, 2);(5, 2);(5, 3)","(5, 4)",0.7255664080186093,False
65,0,20,"(5, 1)","(1, 0);(0, 0);(1, 0);(2, 0);(1, 0);(2, 0);(2, 0);(3, 0);(4, 0);(5, 0);(4, 0);(5, 0);(5, 0);(5, 1);(5, 1);(5, 1);(5, 2);(5, 1);(5, 0);(5, 1)","(5, 2)",0.7219385759785162,False
66,30,20,"(5, 5)","(1, 0);(2, 0);(3, 0);(3, 0);(4, 0);(5, 0);(5, 0);(5, 0);(5, 1);(5, 1);(5, 2);(5, 3);(5, 4);(5, 5);(5, 5);(5, 4);(5, 5);(5, 5);(5, 5);(5, 5)","(5, 4)",0.7183288830986236,True
67,0,20,"(3, 3)","(0, 0);(1, 0);(0, 0);(0, 0);(1, 0);(2, 0);(1, 0);(2, 0);(2, 0);(2, 0);(1, 0);(2, 0);(3, 0);(3, 1);(4, 1);(4, 2);(4, 3);(4, 4);(3, 4);(3, 3)","(3, 4)",0.7147372386831305,False
68,0,20,"(3, 5)","(1, 0);(2, 0);(2, 1);(2, 0);(1, 0);(2, 0);(3, 0);(4, 0);(5, 0);(4, 0);(4, 1);(4, 0);(4, 1);(4, 2);(5, 2);(4, 2);(4, 3);(3, 3);(3, 4);(3, 5)","(2, 5)",0.7111635524897149,False
69,-4,20,"(1, 2)","(0, 0);(1, 0);(1, 1);(1, 0);(2, 0);(3, 0);(3, 1);(2, 1);(1, 1);(1, 2);(1, 1);(0, 1);(0, 2);(1, 2);(1, 1);(1, 2);(2, 2);(2, 3);(1, 3);(1, 2)","(2, 2)",0.7076077347272662,False
70,0,20,"(2, 0)","(1, 0);(0, 0);(0, 0);(1, 0);(0, 0);(0, 1);(0, 2);(0, 2);(0, 1);(0, 2);(0, 1);(0, 2);(0, 1);(0, 0);(0, 0);(0, 0);(0, 0);(1, 0);(2, 0);(2, 0)","(3, 0)",0.7040696960536299,False
71,0,20,"(5, 2)","(0, 0);(0, 1);(0, 0);(1, 0);(2, 0);(3, 0);(4, 0);(4, 0);(5, 0);(5, 0);(5, 1);(5, 1);(4, 1);(4, 0);(5, 0);(5, 1);(5, 0);(5, 1);(5, 1);(5, 2)","(4, 2)",0.7005493475733617,False
72,0,20,"(4, 2)","(0, 0);(1, 0);(0, 0);(0, 0);(1, 0);(2, 0);(2, 0);(2, 1);(3, 1);(4, 1);(4, 0);(4, 0);(4, 1);(4, 0);(5, 0);(5, 1);(5, 2);(4, 2);(4, 1);(4, 2)","(4, 3)",0.697046600835495,False
73,-3,20,"(3, 5)","(1, 0);(1, 1);(1, 0);(1, 0);(0, 0);(1, 0);(0, 0);(0, 0);(1, 0);(0, 0);(0, 1);(1, 1);(0, 1);(1, 1);(2, 1);(2, 2);(2, 3);(2, 4);(3, 4);(3, 5)","(2, 5)",0.6935613678313175,False
74,15,20,"(5, 5)","(0, 0);(0, 0);(0, 0);(0, 1);(0, 2);(1, 2);(2, 2);(1, 2);(1, 3);(1, 4);(0, 4);(0, 4);(1, 4);(1, 5);(2, 5);(3, 5);(4, 5);(5, 5);(5, 5);(5, 5)","(4, 5)",0.6900935609921609,True
75,0,20,"(4, 2)","(0, 1);(0, 0);(0, 0);(1, 0);(1, 0);(2, 0);(2, 1);(2, 2);(1, 2);(2, 2);(2, 1);(2, 2);(3, 2);(3, 1);(2, 1);(3, 1);(3, 2);(4, 2);(4, 1);(4, 2)","(4, 1)",0.6866430931872001,False
76,-1,20,"(4, 4)","(0, 0);(0, 0);(1, 0);(2, 0);(2, 1);(1, 1);(1, 2);(0, 2);(0, 3);(1, 3);(2, 3);(3, 3);(3, 4);(4, 4);(4, 5);(4, 4);(3, 4);(2, 4);(3, 4);(4, 4)","(5, 4)",0.6832098777212641,False
77,-1,20,"(0, 5)","(0, 1);(0, 1);(1, 1);(1, 2);(0, 2);(1, 2);(0, 2);(1, 2);(1, 3);(1, 2);(1, 3);(0, 3);(1, 3);(2, 3);(1, 3);(1, 4);(0, 4);(0, 4);(0, 4);(0, 5)","(0, 4)",0.6797938283326578,False
78,10,20,"(4, 4)","(0, 0);(0, 0);(1, 0);(2, 0);(3, 0);(2, 0);(2, 1);(2, 2);(3, 2);(4, 2);(4, 3);(4, 4);(4, 5);(4, 5);(5, 5);(5, 5);(5, 4);(4, 4);(3, 4);(4, 4)","(4, 5)",0.6763948591909945,False
79,-2,20,"(1, 1)","(1, 0);(2, 0);(3, 0);(3, 0);(4, 0);(4, 0);(3, 0);(3, 1);(3, 2);(3, 1);(2, 1);(1, 1);(0, 1);(0, 2);(1, 2);(0, 2);(1, 2);(0, 2);(1, 2);(1, 1)","(1, 0)",0.6730128848950395,False
80,18,20,"(5, 5)","(1, 0);(1, 1);(1, 2);(1, 1);(1, 2);(2, 2);(2, 3);(3, 3);(3, 4);(4, 4);(4, 5);(5, 5);(5, 5);(5, 5);(5, 4);(4, 4);(5, 4);(5, 3);(5, 4);(5, 5)","(4, 5)",0.6696478204705644,True
81,15,20,"(5, 5)","(0, 1);(0, 0);(0, 0);(0, 0);(1, 0);(1, 0);(0, 0);(0, 0);(1, 0);(2, 0);(2, 1);(2, 2);(2, 3);(3, 3);(4, 3);(5, 3);(5, 4);(5, 5);(5, 5);(5, 5)","(4, 5)",0.6662995813682115,True
82,35,20,"(5, 5)","(0, 0);(1, 0);(2, 0);(2, 1);(2, 0);(2, 1);(3, 1);(3, 2);(3, 3);(4, 3);(4, 4);(4, 5);(5, 5);(5, 5);(5, 5);(4, 5);(5, 5);(5, 5);(5, 5);(5, 5)","(5, 5)",0.6629680834613705,True
83,0,20,"(0, 1)","(1, 0);(2, 0);(1, 0);(0, 0);(0, 1);(0, 2);(0, 1);(0, 0);(0, 1);(0, 0);(0, 0);(1, 0);(2, 0);(2, 1);(2, 2);(2, 1);(2, 2);(1, 2);(0, 2);(0, 1)","(1, 1)",0.6596532430440636,False
84,30,20,"(3, 5)","(1, 0);(2, 0);(2, 0);(3, 0);(3, 1);(4, 1);(5, 1);(5, 2);(5, 3);(5, 4);(5, 4);(5, 5);(5, 5);(5, 5);(5, 5);(5, 5);(5, 4);(5, 5);(4, 5);(3, 5)","(4, 5)",0.6563549768288433,False
85,-2,20,"(4, 5)","(0, 1);(0, 1);(1, 1);(1, 0);(1, 0);(2, 0);(3, 0);(3, 1);(3, 2);(2, 2);(2, 1);(1, 1);(1, 2);(2, 2);(2, 3);(3, 3);(3, 4);(4, 4);(4, 5);(4, 5)","(4, 5)",0.653073201944699,False
86,5,20,"(4, 5)","(1, 0);(2, 0);(2, 1);(3, 1);(3, 2);(3, 3);(2, 3);(3, 3);(3, 4);(3, 3);(3, 4);(4, 4);(5, 4);(4, 4);(5, 4);(5, 4);(5, 5);(4, 5);(4, 5);(4, 5)","(4, 5)",0.6498078359349755,False
87,5,20,"(5, 5)","(1, 0);(2, 0);(2, 1);(3, 1);(3, 2);(4, 2);(4, 3);(4, 4);(4, 5);(4, 5);(3, 5);(4, 5);(4, 4);(5, 4);(5, 3);(5, 4);(5, 4);(5, 3);(5, 4);(5, 5)","(4, 5)",0.6465587967553006,True
88,0,20,"(4, 4)","(1, 0);(1, 0);(1, 0);(0, 0);(0, 1);(0, 2);(0, 3);(1, 3);(2, 3);(3, 3);(3, 2);(4, 2);(3, 2);(3, 3);(4, 3);(4, 4);(4, 5);(4, 5);(4, 5);(4, 4)","(4, 3)",0.6433260027715241,False
89,-1,20,"(2, 2)","(0, 0);(1, 0);(0, 0);(1, 0);(2, 0);(1, 0);(0, 0);(0, 0);(1, 0);(2, 0);(2, 1);(2, 2);(3, 2);(2, 2);(2, 1);(1, 1);(1, 2);(0, 2);(1, 2);(2, 2)","(2, 1)",0.6401093727576664,False
90,-1,20,"(3, 2)","(0, 1);(1, 1);(1, 2);(2, 2);(2, 3);(3, 3);(3, 4);(3, 5);(4, 5);(4, 5);(4, 5);(4, 4);(4, 5);(4, 5);(4, 4);(4, 3);(3, 3);(2, 3);(3, 3);(3, 2)","(3, 3)",0.6369088258938781,False
91,0,20,"(3, 5)","(0, 0);(0, 0);(0, 1);(0, 2);(0, 3);(0, 3);(1, 3);(1, 4);(0, 4);(0, 5);(1, 5);(1, 5);(1, 5);(2, 5);(2, 5);(3, 5);(2, 5);(3, 5);(2, 5);(3, 5)","(4, 5)",0.6337242817644086,False
92,0,20,"(4, 2)","(0, 0);(1, 0);(2, 0);(1, 0);(0, 0);(0, 0);(0, 1);(0, 2);(1, 2);(2, 2);(3, 2);(2, 2);(1, 2);(2, 2);(2, 1);(2, 2);(3, 2);(3, 3);(4, 3);(4, 2)","(3, 2)",0.6305556603555866,False
93,0,20,"(3, 3)","(0, 0);(0, 0);(0, 1);(0, 2);(0, 1);(0, 2);(0, 1);(0, 1);(0, 0);(0, 1);(0, 2);(0, 2);(1, 2);(2, 2);(1, 2);(0, 2);(0, 3);(1, 3);(2, 3);(3, 3)","(2, 3)",0.6274028820538087,False
94,5,20,"(4, 5)","(0, 0);(0, 0);(0, 1);(0, 0);(0, 1);(0, 2);(0, 2);(1, 2);(2, 2);(3, 2);(3, 3);(3, 4);(3, 3);(4, 3);(5, 3);(4, 3);(4, 4);(4, 5);(5, 5);(4, 5)","(3, 5)",0.6242658676435396,False
95,15,20,"(5, 5)","(1, 0);(2, 0);(2, 0);(2, 1);(2, 0);(2, 1);(3, 1);(2, 1);(2, 2);(2, 3);(3, 3);(2, 3);(3, 3);(3, 4);(3, 5);(3, 5);(4, 5);(5, 5);(5, 5);(5, 5)","(5, 5)",0.6211445383053219,True
96,9,20,"(5, 5)","(1, 0);(1, 1);(0, 1);(0, 1);(0, 2);(0, 1);(0, 2);(1, 2);(0, 2);(1, 2);(2, 2);(2, 3);(2, 4);(1, 4);(2, 4);(3, 4);(4, 4);(5, 4);(5, 5);(5, 5)","(5, 5)",0.6180388156137953,True
97,0,20,"(3, 5)","(1, 0);(2, 0);(1, 0);(0, 0);(0, 1);(0, 1);(0, 1);(0, 0);(0, 1);(0, 2);(0, 1);(0, 2);(1, 2);(1, 3);(1, 2);(2, 2);(2, 3);(2, 4);(2, 5);(3, 5)","(2, 5)",0.6149486215357263,False
98,35,20,"(4, 5)","(0, 1);(0, 2);(1, 2);(1, 3);(2, 3);(3, 3);(3, 4);(4, 4);(3, 4);(4, 4);(4, 5);(4, 5);(5, 5);(5, 5);(5, 5);(5, 5);(5, 5);(5, 5);(5, 5);(4, 5)","(4, 4)",0.6118738784280476,False
99,54,20,"(5, 5)","(0, 1);(1, 1);(1, 2);(2, 2);(3, 2);(3, 3);(4, 3);(4, 4);(4, 5);(5, 5);(5, 5);(5, 5);(5, 5);(5, 5);(5, 5);(5, 5);(5, 5);(5, 5);(5, 5);(5, 5)","(5, 5)",0.6088145090359074,True
100,0,20,"(5, 4)","(0, 1);(0, 2);(0, 2);(0, 3);(0, 4);(0, 3);(1, 3);(1, 2);(0, 2);(0, 3);(1, 3);(1, 2);(2, 2);(3, 2);(3, 3);(2, 3);(3, 3);(4, 3);(4, 4);(5, 4)","(5, 3)",0.6057704364907278,False
101,15,20,"(5, 5)","(0, 0);(0, 0);(0, 0);(1, 0);(2, 0);(2, 1);(2, 2);(3, 2);(4, 2);(5, 2);(5, 3);(5, 4);(5, 3);(5, 4);(4, 4);(4, 5);(5, 5);(5, 5);(5, 4);(5, 5)","(5, 5)",0.6027415843082742,True
102,-1,20,"(3, 1)","(1, 0);(2, 0);(1, 0);(2, 0);(3, 0);(3, 1);(2, 1);(2, 0);(2, 1);(1, 1);(0, 1);(0, 0);(0, 0);(0, 0);(1, 0);(2, 0);(2, 1);(2, 2);(3, 2);(3, 1)","(3, 2)",0.5997278763867329,False
103,-2,20,"(3, 5)","(0, 1);(0, 2);(0, 3);(0, 2);(0, 1);(0, 2);(1, 2);(2, 2);(1, 2);(1, 1);(2, 1);(1, 1);(1, 2);(2, 2);(3, 2);(4, 2);(4, 3);(3, 3);(3, 4);(3, 5)","(4, 5)",0.5967292370047992,False
104,25,20,"(5, 5)","(1, 0);(0, 0);(0, 0);(1, 0);(1, 0);(2, 0);(2, 1);(2, 2);(3, 2);(3, 3);(4, 3);(4, 4);(5, 4);(5, 5);(5, 4);(5, 5);(5, 5);(5, 4);(5, 5);(5, 5)","(5, 5)",0.5937455908197752,True
105,5,20,"(5, 4)","(1, 0);(2, 0);(2, 1);(2, 2);(2, 3);(1, 3);(0, 3);(0, 4);(0, 3);(0, 3);(0, 2);(0, 3);(1, 3);(1, 4);(2, 4);(3, 4);(4, 4);(5, 4);(5, 5);(5, 4)","(5, 3)",0.5907768628656763,False
106,9,20,"(5, 5)","(1, 0);(1, 1);(1, 0);(2, 0);(2, 1);(2, 2);(2, 3);(3, 3);(4, 3);(4, 2);(4, 1);(4, 2);(4, 3);(4, 4);(5, 4);(5, 4);(5, 3);(5, 4);(5, 5);(5, 5)","(5, 4)",0.5878229785513479,True
107,0,20,"(4, 4)","(0, 1);(0, 2);(0, 1);(0, 2);(0, 3);(0, 3);(0, 4);(0, 3);(0, 3);(1, 3);(2, 3);(3, 3);(2, 3);(3, 3);(4, 3);(4, 4);(4, 3);(4, 4);(4, 3);(4, 4)","(4, 5)",0.5848838636585911,False
108,0,20,"(4, 5)","(0, 0);(1, 0);(2, 0);(2, 1);(2, 2);(3, 2);(3, 1);(3, 2);(3, 3);(4, 3);(4, 4);(4, 3);(3, 3);(2, 3);(3, 3);(4, 3);(4, 4);(5, 4);(4, 4);(4, 5)","(3, 5)",0.5819594443402982,False
109,-1,20,"(2, 4)","(0, 0);(1, 0);(2, 0);(2, 0);(2, 1);(1, 1);(1, 2);(1, 3);(0, 3);(0, 3);(1, 3);(1, 4);(0, 4);(0, 5);(1, 5);(2, 5);(2, 5);(2, 4);(3, 4);(2, 4)","(3, 4)",0.5790496471185967,False
110,0,20,"(4, 4)","(0, 0);(0, 1);(0, 2);(0, 1);(0, 2);(1, 2);(0, 2);(0, 3);(0, 4);(0, 5);(1, 5);(2, 5);(1, 5);(2, 5);(1, 5);(2, 5);(2, 5);(3, 5);(4, 5);(4, 4)","(3, 4)",0.5761543988830038,False
111,15,20,"(4, 5)","(0, 1);(0, 2);(0, 2);(0, 3);(0, 4);(1, 4);(1, 5);(0, 5);(0, 5);(1, 5);(2, 5);(3, 5);(3, 5);(4, 5);(3, 5);(4, 5);(5, 5);(5, 5);(5, 5);(4, 5)","(4, 4)",0.5732736268885887,False
112,0,20,"(3, 3)","(1, 0);(2, 0);(2, 0);(2, 0);(2, 1);(2, 0);(2, 1);(3, 1);(3, 2);(3, 1);(3, 0);(3, 1);(4, 1);(4, 2);(4, 3);(4, 2);(3, 2);(3, 3);(2, 3);(3, 3)","(3, 2)",0.5704072587541458,False
113,0,20,"(4, 5)","(0, 1);(0, 2);(1, 2);(1, 3);(1, 4);(1, 3);(0, 3);(0, 2);(1, 2);(2, 2);(2, 3);(1, 3);(1, 4);(1, 5);(0, 5);(1, 5);(2, 5);(2, 5);(3, 5);(4, 5)","(4, 4)",0.567555222460375,False
114,0,20,"(2, 3)","(1, 0);(1, 0);(2, 0);(2, 1);(2, 2);(3, 2);(3, 3);(4, 3);(4, 2);(4, 1);(4, 0);(4, 1);(3, 1);(3, 2);(3, 1);(2, 1);(2, 2);(3, 2);(3, 3);(2, 3)","(3, 3)",0.5647174463480732,False
115,-1,20,"(5, 3)","(0, 1);(0, 2);(1, 2);(2, 2);(2, 1);(1, 1);(1, 0);(2, 0);(2, 1);(2, 2);(2, 3);(3, 3);(2, 3);(3, 3);(3, 4);(4, 4);(5, 4);(5, 3);(5, 2);(5, 3)","(5, 4)",0.5618938591163328,False
116,0,20,"(3, 3)","(1, 0);(2, 0);(2, 1);(2, 2);(2, 3);(2, 4);(3, 4);(4, 4);(3, 4);(2, 4);(1, 4);(2, 4);(3, 4);(4, 4);(4, 3);(3, 3);(3, 2);(3, 3);(3, 4);(3, 3)","(3, 4)",0.5590843898207511,False
117,0,20,"(4, 5)","(1, 0);(2, 0);(1, 0);(0, 0);(0, 0);(1, 0);(2, 0);(2, 1);(2, 0);(2, 0);(3, 0);(4, 0);(4, 1);(4, 2);(4, 3);(3, 3);(3, 4);(3, 5);(4, 5);(4, 5)","(4, 5)",0.5562889678716474,False
118,0,20,"(2, 3)","(1, 0);(1, 0);(2, 0);(2, 1);(3, 1);(3, 0);(3, 1);(2, 1);(2, 2);(3, 2);(3, 1);(3, 2);(3, 3);(2, 3);(3, 3);(2, 3);(2, 2);(2, 3);(2, 2);(2, 3)","(3, 3)",0.5535075230322891,False
119,10,20,"(5, 3)","(0, 1);(0, 2);(0, 3);(0, 4);(0, 4);(0, 5);(1, 5);(2, 5);(3, 5);(2, 5);(3, 5);(4, 5);(3, 5);(3, 4);(4, 4);(5, 4);(5, 5);(5, 5);(5, 4);(5, 3)","(5, 4)",0.5507399854171277,False
120,30,20,"(5, 5)","(1, 0);(2, 0);(2, 0);(2, 1);(2, 2);(2, 1);(2, 2);(2, 3);(3, 3);(3, 4);(4, 4);(3, 4);(4, 4);(5, 4);(5, 5);(5, 5);(5, 5);(5, 5);(5, 5);(5, 5)","(5, 5)",0.547986285490042,True
121,15,20,"(5, 4)","(0, 0);(0, 1);(0, 0);(0, 1);(0, 2);(0, 3);(1, 3);(2, 3);(2, 4);(3, 4);(2, 4);(2, 5);(3, 5);(3, 4);(4, 4);(4, 5);(5, 5);(5, 5);(5, 5);(5, 4)","(5, 4)",0.5452463540625918,False
122,9,20,"(5, 5)","(0, 0);(1, 0);(1, 1);(1, 0);(2, 0);(2, 0);(2, 1);(2, 2);(3, 2);(3, 3);(3, 2);(3, 3);(4, 3);(5, 3);(5, 4);(5, 3);(5, 4);(5, 5);(4, 5);(5, 5)","(5, 5)",0.5425201222922789,True
123,40,20,"(5, 5)","(0, 1);(0, 2);(0, 3);(0, 4);(0, 4);(1, 4);(0, 4);(1, 4);(2, 4);(3, 4);(4, 4);(5, 4);(5, 5);(5, 5);(5, 5);(5, 5);(5, 5);(5, 5);(5, 5);(5, 5)","(5, 5)",0.5398075216808175,True
124,35,20,"(4, 5)","(0, 1);(0, 1);(0, 2);(0, 3);(1, 3);(2, 3);(3, 3);(3, 4);(4, 4);(4, 5);(3, 5);(4, 5);(5, 5);(5, 5);(5, 5);(5, 5);(5, 5);(5, 5);(5, 5);(4, 5)","(5, 5)",0.5371084840724134,False
125,15,20,"(4, 5)","(0, 1);(0, 1);(0, 2);(0, 3);(0, 4);(1, 4);(1, 5);(1, 5);(1, 5);(1, 5);(2, 5);(3, 5);(4, 5);(4, 4);(4, 5);(4, 5);(5, 5);(5, 5);(5, 5);(4, 5)","(5, 5)",0.5344229416520513,False
126,14,20,"(5, 5)","(0, 1);(1, 1);(1, 2);(2, 2);(3, 2);(3, 3);(3, 2);(3, 3);(4, 3);(3, 3);(2, 3);(2, 4);(3, 4);(4, 4);(3, 4);(4, 4);(5, 4);(5, 5);(5, 5);(5, 5)","(5, 5)",0.531750826943791,True
127,40,20,"(5, 5)","(0, 0);(0, 0);(0, 1);(0, 2);(1, 2);(2, 2);(3, 2);(3, 3);(3, 4);(4, 4);(5, 4);(5, 5);(5, 5);(5, 5);(4, 5);(5, 5);(5, 5);(5, 5);(5, 5);(5, 5)","(4, 5)",0.5290920728090721,True
128,30,20,"(5, 5)","(0, 1);(0, 2);(1, 2);(2, 2);(3, 2);(3, 3);(4, 3);(5, 3);(5, 4);(5, 5);(5, 4);(5, 5);(5, 5);(5, 5);(4, 5);(4, 5);(5, 5);(5, 4);(5, 4);(5, 5)","(5, 5)",0.5264466124450268,True
129,0,20,"(3, 4)","(1, 0);(1, 0);(2, 0);(2, 1);(2, 2);(3, 2);(3, 1);(3, 2);(2, 2);(1, 2);(2, 2);(3, 2);(3, 3);(4, 3);(4, 4);(4, 3);(3, 3);(2, 3);(2, 4);(3, 4)","(4, 4)",0.5238143793828016,False
130,0,20,"(4, 2)","(0, 0);(0, 0);(0, 1);(0, 1);(0, 1);(0, 1);(0, 1);(0, 1);(0, 0);(0, 0);(0, 0);(0, 1);(0, 2);(0, 2);(0, 3);(1, 3);(2, 3);(3, 3);(3, 2);(4, 2)","(4, 1)",0.5211953074858876,False
131,40,20,"(5, 5)","(0, 1);(0, 2);(0, 3);(0, 4);(1, 4);(2, 4);(3, 4);(3, 3);(4, 3);(4, 4);(5, 4);(5, 5);(4, 5);(5, 5);(5, 5);(5, 5);(5, 5);(5, 5);(5, 5);(5, 5)","(4, 5)",0.5185893309484582,True
132,-2,20,"(5, 4)","(0, 0);(0, 1);(1, 1);(0, 1);(1, 1);(2, 1);(3, 1);(3, 0);(3, 1);(4, 1);(4, 2);(4, 1);(4, 2);(4, 1);(4, 2);(4, 3);(4, 4);(4, 3);(4, 4);(5, 4)","(5, 5)",0.5159963842937159,False
133,-1,20,"(5, 3)","(0, 0);(1, 0);(1, 1);(1, 2);(1, 3);(0, 3);(0, 3);(1, 3);(2, 3);(1, 3);(2, 3);(3, 3);(3, 2);(3, 3);(2, 3);(3, 3);(4, 3);(4, 4);(5, 4);(5, 3)","(5, 4)",0.5134164023722473,False
134,24,20,"(5, 5)","(0, 1);(1, 1);(1, 2);(1, 3);(2, 3);(3, 3);(2, 3);(3, 3);(4, 3);(4, 2);(4, 3);(4, 4);(5, 4);(5, 5);(5, 5);(4, 5);(5, 5);(5, 5);(5, 4);(5, 5)","(5, 5)",0.510849320360386,True
135,25,20,"(5, 5)","(0, 1);(0, 2);(0, 3);(1, 3);(2, 3);(1, 3);(2, 3);(3, 3);(4, 3);(4, 4);(3, 4);(4, 4);(4, 5);(4, 5);(5, 5);(5, 5);(5, 5);(5, 5);(4, 5);(5, 5)","(5, 5)",0.5082950737585841,True
136,5,20,"(5, 5)","(0, 1);(0, 2);(0, 1);(0, 0);(0, 1);(0, 2);(0, 3);(0, 4);(0, 4);(0, 4);(0, 5);(0, 4);(1, 4);(1, 5);(2, 5);(2, 4);(3, 4);(3, 5);(4, 5);(5, 5)","(5, 5)",0.5057535983897912,True
137,30,20,"(5, 5)","(0, 1);(0, 2);(0, 3);(0, 2);(0, 2);(0, 3);(1, 3);(2, 3);(3, 3);(4, 3);(5, 3);(5, 4);(5, 5);(5, 5);(4, 5);(5, 5);(5, 5);(5, 5);(5, 4);(5, 5)","(4, 5)",0.5032248303978422,True
138,25,20,"(5, 4)","(1, 0);(2, 0);(2, 1);(2, 2);(3, 2);(3, 1);(3, 0);(3, 1);(3, 2);(3, 3);(3, 4);(4, 4);(5, 4);(5, 5);(5, 5);(4, 5);(5, 5);(5, 5);(5, 5);(5, 4)","(4, 4)",0.500708706245853,False
139,30,20,"(5, 4)","(0, 1);(0, 2);(0, 3);(1, 3);(2, 3);(3, 3);(2, 3);(3, 3);(4, 3);(4, 4);(5, 4);(5, 5);(5, 5);(5, 5);(4, 5);(4, 5);(5, 5);(5, 5);(5, 5);(5, 4)","(5, 5)",0.4982051627146237,False
140,0,20,"(5, 3)","(1, 0);(2, 0);(2, 1);(2, 2);(3, 2);(3, 1);(3, 2);(3, 1);(3, 2);(3, 1);(3, 2);(2, 2);(2, 3);(3, 3);(4, 3);(4, 2);(5, 2);(5, 3);(5, 4);(5, 3)","(5, 4)",0.49571413690105054,False
141,30,20,"(4, 5)","(0, 1);(0, 2);(0, 3);(0, 3);(0, 3);(0, 4);(1, 4);(2, 4);(3, 4);(4, 4);(5, 4);(5, 4);(5, 5);(5, 5);(5, 5);(5, 5);(5, 4);(5, 5);(5, 5);(4, 5)","(5, 5)",0.4932355662165453,False
142,35,20,"(5, 5)","(1, 0);(2, 0);(2, 1);(2, 2);(2, 3);(3, 3);(3, 4);(3, 3);(4, 3);(4, 4);(5, 4);(4, 4);(5, 4);(5, 5);(5, 5);(5, 5);(5, 5);(5, 5);(5, 5);(5, 5)","(5, 5)",0.4907693883854626,True
143,10,20,"(5, 5)","(0, 1);(0, 0);(0, 1);(0, 2);(0, 3);(1, 3);(1, 4);(2, 4);(2, 3);(3, 3);(4, 3);(4, 2);(4, 1);(4, 2);(5, 2);(5, 3);(5, 4);(5, 5);(4, 5);(5, 5)","(5, 5)",0.4883155414435353,True
144,-1,20,"(4, 5)","(0, 0);(1, 0);(2, 0);(1, 0);(2, 0);(1, 0);(2, 0);(2, 1);(1, 1);(1, 2);(1, 3);(2, 3);(3, 3);(3, 2);(3, 3);(4, 3);(3, 3);(3, 4);(4, 4);(4, 5)","(5, 5)",0.4858739637363176,False
145,15,20,"(5, 5)","(0, 1);(0, 2);(1, 2);(1, 3);(2, 3);(1, 3);(2, 3);(2, 4);(3, 4);(3, 5);(4, 5);(3, 5);(3, 4);(4, 4);(5, 4);(5, 5);(5, 5);(5, 4);(5, 4);(5, 5)","(5, 5)",0.483444593917636,True
146,25,20,"(5, 5)","(0, 1);(0, 1);(0, 1);(0, 2);(0, 3);(1, 3);(2, 3);(3, 3);(3, 4);(3, 3);(4, 3);(4, 4);(4, 5);(5, 5);(4, 5);(4, 5);(5, 5);(5, 5);(5, 5);(5, 5)","(5, 5)",0.4810273709480478,True
147,40,20,"(5, 5)","(0, 1);(0, 2);(0, 3);(0, 4);(1, 4);(2, 4);(3, 4);(4, 4);(3, 4);(4, 4);(5, 4);(5, 5);(5, 5);(5, 5);(5, 5);(5, 5);(5, 5);(5, 4);(5, 5);(5, 5)","(5, 5)",0.47862223409330756,True
148,29,20,"(5, 5)","(0, 0);(1, 0);(1, 1);(1, 2);(1, 3);(0, 3);(1, 3);(2, 3);(3, 3);(4, 3);(4, 4);(4, 5);(5, 5);(4, 5);(5, 5);(5, 5);(5, 5);(5, 5);(4, 5);(5, 5)","(5, 5)",0.47622912292284103,True
149,14,20,"(5, 4)","(0, 0);(0, 1);(0, 2);(0, 3);(1, 3);(1, 2);(1, 1);(1, 0);(2, 0);(2, 1);(3, 1);(4, 1);(4, 2);(4, 3);(4, 4);(5, 4);(5, 5);(5, 5);(5, 5);(5, 4)","(5, 5)",0.4738479773082268,False
150,5,20,"(5, 5)","(0, 1);(0, 2);(0, 3);(0, 2);(0, 3);(0, 2);(0, 3);(0, 4);(1, 4);(2, 4);(1, 4);(2, 4);(3, 4);(3, 3);(4, 3);(4, 4);(5, 4);(5, 3);(5, 4);(5, 5)","(5, 5)",0.47147873742168567,True
151,0,20,"(4, 4)","(0, 1);(0, 2);(0, 2);(0, 2);(0, 3);(0, 4);(0, 3);(0, 3);(1, 3);(2, 3);(3, 3);(4, 3);(4, 4);(4, 5);(4, 5);(4, 4);(5, 4);(5, 3);(5, 4);(4, 4)","(3, 4)",0.46912134373457726,False
152,40,20,"(5, 5)","(0, 1);(0, 1);(0, 2);(0, 3);(1, 3);(1, 4);(2, 4);(2, 3);(3, 3);(4, 3);(5, 3);(5, 4);(5, 5);(5, 5);(5, 5);(5, 5);(5, 5);(5, 5);(5, 5);(5, 5)","(5, 5)",0.46677573701590436,True
153,15,20,"(5, 5)","(0, 1);(0, 2);(0, 3);(0, 3);(0, 4);(0, 3);(1, 3);(1, 4);(0, 4);(1, 4);(0, 4);(0, 4);(1, 4);(2, 4);(3, 4);(4, 4);(5, 4);(5, 5);(5, 5);(5, 5)","(4, 5)",0.46444185833082485,True
154,19,20,"(4, 4)","(0, 1);(1, 1);(1, 2);(1, 3);(2, 3);(2, 2);(3, 2);(3, 3);(4, 3);(4, 4);(5, 4);(5, 5);(5, 5);(5, 5);(4, 5);(4, 4);(5, 4);(5, 5);(4, 5);(4, 4)","(5, 4)",0.46211964903917074,False
155,25,20,"(5, 5)","(0, 0);(0, 1);(0, 2);(1, 2);(2, 2);(2, 3);(2, 2);(2, 3);(1, 3);(2, 3);(3, 3);(4, 3);(5, 3);(5, 3);(5, 4);(5, 5);(5, 5);(5, 5);(5, 5);(5, 5)","(5, 5)",0.4598090507939749,True
156,19,20,"(5, 5)","(0, 0);(0, 1);(0, 0);(1, 0);(2, 0);(1, 0);(1, 1);(1, 2);(1, 3);(2, 3);(2, 2);(2, 3);(3, 3);(4, 3);(4, 4);(5, 4);(5, 5);(5, 5);(5, 5);(5, 5)","(5, 5)",0.457510005540005,True
157,35,20,"(5, 5)","(0, 1);(0, 2);(1, 2);(1, 3);(1, 2);(1, 3);(2, 3);(2, 4);(3, 4);(3, 3);(4, 3);(4, 4);(5, 4);(5, 5);(5, 5);(5, 5);(5, 5);(5, 5);(5, 5);(5, 5)","(5, 5)",0.45522245551230495,True
158,4,20,"(4, 5)","(0, 1);(0, 2);(0, 1);(0, 0);(0, 0);(1, 0);(1, 1);(0, 1);(0, 2);(0, 3);(1, 3);(2, 3);(2, 4);(2, 5);(2, 5);(3, 5);(3, 5);(4, 5);(5, 5);(4, 5)","(3, 5)",0.4529463432347434,False
159,-1,20,"(5, 4)","(0, 0);(1, 0);(2, 0);(2, 1);(2, 2);(2, 1);(1, 1);(1, 2);(1, 3);(2, 3);(1, 3);(1, 2);(1, 3);(2, 3);(3, 3);(3, 4);(4, 4);(4, 3);(4, 4);(5, 4)","(5, 5)",0.4506816115185697,False
160,35,20,"(5, 5)","(0, 1);(0, 2);(0, 1);(0, 0);(0, 1);(0, 2);(0, 3);(0, 4);(1, 4);(2, 4);(2, 5);(3, 5);(4, 5);(5, 5);(5, 5);(5, 5);(5, 5);(5, 5);(5, 5);(5, 5)","(5, 5)",0.4484282034609769,True
161,0,20,"(3, 3)","(0, 0);(0, 0);(0, 0);(0, 0);(0, 1);(0, 2);(0, 2);(0, 2);(1, 2);(1, 3);(2, 3);(3, 3);(3, 4);(2, 4);(1, 4);(2, 4);(2, 3);(2, 2);(2, 3);(3, 3)","(2, 3)",0.446186062443672,False
162,20,20,"(4, 5)","(0, 1);(0, 2);(0, 3);(0, 4);(0, 4);(1, 4);(2, 4);(2, 3);(2, 4);(3, 4);(2, 4);(3, 4);(4, 4);(5, 4);(5, 4);(5, 5);(5, 5);(5, 5);(5, 5);(4, 5)","(5, 5)",0.4439551321314536,False
163,0,20,"(5, 3)","(0, 1);(0, 1);(0, 2);(1, 2);(1, 3);(1, 2);(1, 3);(0, 3);(1, 3);(0, 3);(1, 3);(2, 3);(3, 3);(4, 3);(4, 2);(4, 3);(5, 3);(5, 3);(5, 2);(5, 3)","(5, 4)",0.4417353564707963,False
164,0,20,"(4, 3)","(0, 1);(0, 1);(0, 0);(0, 1);(0, 2);(1, 2);(1, 3);(2, 3);(3, 3);(3, 2);(3, 1);(3, 2);(2, 2);(2, 3);(1, 3);(2, 3);(3, 3);(2, 3);(3, 3);(4, 3)","(4, 2)",0.43952667968844233,False
165,25,20,"(5, 5)","(0, 1);(0, 2);(1, 2);(1, 3);(2, 3);(2, 2);(2, 3);(3, 3);(3, 2);(3, 3);(4, 3);(4, 2);(4, 3);(5, 3);(5, 4);(5, 5);(5, 5);(5, 5);(5, 5);(5, 5)","(4, 5)",0.43732904629000013,True
166,-2,20,"(5, 3)","(0, 0);(1, 0);(2, 0);(2, 1);(1, 1);(2, 1);(1, 1);(2, 1);(2, 0);(2, 1);(3, 1);(3, 2);(3, 3);(4, 3);(5, 3);(5, 2);(5, 2);(5, 3);(5, 4);(5, 3)","(5, 2)",0.4351424010585501,False
167,40,20,"(5, 5)","(0, 1);(0, 2);(0, 3);(0, 4);(0, 4);(1, 4);(2, 4);(2, 5);(3, 5);(4, 5);(5, 5);(5, 4);(5, 5);(5, 5);(5, 5);(5, 5);(5, 5);(4, 5);(5, 5);(5, 5)","(5, 5)",0.43296668905325736,True
168,5,20,"(4, 5)","(0, 0);(0, 1);(0, 2);(1, 2);(0, 2);(1, 2);(1, 3);(2, 3);(1, 3);(2, 3);(2, 4);(3, 4);(4, 4);(4, 3);(4, 4);(3, 4);(4, 4);(4, 5);(5, 5);(4, 5)","(5, 5)",0.43080185560799106,False
169,-1,20,"(5, 3)","(0, 1);(0, 0);(0, 0);(0, 0);(0, 1);(1, 1);(1, 2);(0, 2);(1, 2);(1, 3);(2, 3);(3, 3);(4, 3);(4, 2);(3, 2);(4, 2);(5, 2);(5, 3);(4, 3);(5, 3)","(5, 4)",0.4286478463299511,False
170,15,20,"(5, 5)","(0, 1);(0, 0);(0, 0);(0, 1);(0, 1);(0, 2);(1, 2);(0, 2);(1, 2);(1, 3);(2, 3);(3, 3);(4, 3);(4, 4);(4, 3);(4, 4);(5, 4);(5, 5);(5, 5);(5, 5)","(5, 5)",0.42650460709830135,True
171,49,20,"(5, 5)","(0, 1);(1, 1);(1, 2);(2, 2);(3, 2);(3, 3);(3, 4);(3, 5);(4, 5);(5, 5);(5, 5);(5, 4);(5, 5);(5, 5);(5, 5);(5, 5);(5, 5);(5, 5);(5, 5);(5, 5)","(5, 5)",0.42437208406280985,True
172,30,20,"(5, 5)","(0, 1);(0, 2);(1, 2);(2, 2);(3, 2);(2, 2);(3, 2);(4, 2);(5, 2);(5, 3);(5, 4);(5, 5);(5, 5);(5, 5);(4, 5);(5, 5);(5, 4);(5, 4);(5, 5);(5, 5)","(5, 4)",0.4222502236424958,True
173,20,20,"(4, 5)","(0, 1);(0, 1);(0, 1);(0, 2);(0, 3);(0, 2);(1, 2);(1, 3);(2, 3);(2, 4);(3, 4);(4, 4);(5, 4);(5, 3);(5, 4);(5, 5);(5, 5);(5, 5);(5, 5);(4, 5)","(4, 5)",0.42013897252428334,False
174,45,20,"(5, 5)","(0, 1);(0, 1);(0, 2);(1, 2);(1, 3);(1, 4);(2, 4);(3, 4);(4, 4);(4, 5);(5, 5);(5, 5);(5, 5);(5, 5);(5, 5);(5, 5);(4, 5);(5, 5);(5, 5);(5, 5)","(5, 5)",0.4180382776616619,True
175,20,20,"(5, 5)","(0, 1);(0, 0);(0, 1);(0, 2);(0, 1);(0, 1);(0, 2);(1, 2);(1, 3);(2, 3);(3, 3);(4, 3);(4, 4);(3, 4);(4, 4);(5, 4);(5, 5);(5, 5);(5, 5);(5, 5)","(5, 5)",0.4159480862733536,True
176,15,20,"(5, 5)","(0, 1);(0, 2);(1, 2);(0, 2);(0, 3);(0, 4);(1, 4);(2, 4);(3, 4);(4, 4);(4, 3);(5, 3);(5, 4);(5, 3);(5, 2);(5, 3);(5, 4);(5, 5);(5, 5);(5, 5)","(5, 5)",0.41386834584198684,True
177,35,20,"(5, 4)","(1, 0);(2, 0);(2, 0);(2, 1);(2, 2);(3, 2);(3, 3);(3, 4);(4, 4);(5, 4);(5, 3);(5, 4);(5, 5);(5, 5);(5, 5);(5, 5);(5, 5);(5, 5);(5, 5);(5, 4)","(5, 4)",0.4117990041127769,False
178,50,20,"(5, 5)","(1, 0);(2, 0);(3, 0);(3, 1);(3, 2);(3, 3);(3, 4);(4, 4);(5, 4);(5, 5);(5, 5);(5, 5);(4, 5);(5, 5);(5, 5);(5, 5);(5, 5);(5, 5);(5, 5);(5, 5)","(5, 5)",0.40974000909221303,True
179,25,20,"(4, 5)","(0, 1);(0, 2);(1, 2);(1, 3);(2, 3);(2, 2);(2, 3);(3, 3);(4, 3);(5, 3);(5, 4);(5, 5);(5, 5);(5, 4);(5, 5);(5, 5);(5, 5);(4, 5);(4, 5);(4, 5)","(5, 5)",0.40769130904675194,False
180,-1,20,"(3, 4)","(0, 1);(0, 2);(0, 2);(1, 2);(1, 1);(1, 2);(1, 3);(2, 3);(3, 3);(3, 2);(3, 1);(3, 2);(3, 3);(2, 3);(2, 4);(2, 5);(3, 5);(3, 4);(3, 5);(3, 4)","(4, 4)",0.40565285250151817,False
181,0,20,"(5, 4)","(1, 0);(2, 0);(3, 0);(3, 1);(3, 0);(2, 0);(3, 0);(2, 0);(2, 1);(3, 1);(4, 1);(5, 1);(5, 2);(5, 2);(5, 3);(5, 2);(5, 3);(5, 2);(5, 3);(5, 4)","(5, 5)",0.4036245882390106,False
182,20,20,"(5, 4)","(0, 1);(0, 2);(1, 2);(1, 3);(0, 3);(0, 3);(1, 3);(1, 2);(1, 3);(1, 4);(2, 4);(3, 4);(4, 4);(5, 4);(5, 5);(5, 5);(5, 5);(4, 5);(5, 5);(5, 4)","(4, 4)",0.4016064652978155,False
183,-1,20,"(4, 3)","(0, 0);(0, 1);(0, 2);(0, 1);(0, 0);(0, 1);(0, 2);(0, 1);(0, 1);(0, 2);(0, 2);(1, 2);(1, 1);(2, 1);(3, 1);(3, 2);(3, 1);(3, 2);(4, 2);(4, 3)","(5, 3)",0.3995984329713264,False
184,20,20,"(3, 5)","(0, 1);(0, 2);(1, 2);(1, 3);(2, 3);(2, 4);(3, 4);(3, 5);(4, 5);(5, 5);(5, 4);(5, 3);(5, 4);(5, 3);(5, 4);(5, 5);(5, 5);(5, 5);(4, 5);(3, 5)","(4, 5)",0.3976004408064698,False
185,19,20,"(4, 5)","(0, 1);(0, 2);(1, 2);(1, 1);(1, 0);(2, 0);(2, 1);(3, 1);(3, 2);(3, 3);(4, 3);(5, 3);(5, 4);(4, 4);(5, 4);(5, 5);(5, 5);(5, 5);(5, 5);(4, 5)","(3, 5)",0.39561243860243744,False
186,25,20,"(5, 5)","(0, 1);(0, 0);(0, 1);(0, 2);(1, 2);(1, 3);(2, 3);(1, 3);(1, 4);(2, 4);(2, 3);(2, 4);(3, 4);(4, 4);(5, 4);(5, 5);(5, 5);(5, 5);(5, 5);(5, 5)","(4, 5)",0.3936343764094253,True
187,10,20,"(5, 5)","(0, 1);(0, 0);(0, 0);(0, 0);(0, 1);(0, 2);(1, 2);(0, 2);(1, 2);(1, 3);(2, 3);(3, 3);(4, 3);(5, 3);(5, 4);(5, 4);(4, 4);(5, 4);(5, 5);(5, 5)","(5, 5)",0.39166620452737816,True
188,0,20,"(4, 5)","(0, 1);(0, 0);(0, 0);(0, 1);(0, 2);(1, 2);(1, 3);(1, 4);(2, 4);(2, 3);(2, 4);(1, 4);(1, 3);(1, 4);(2, 4);(3, 4);(3, 5);(4, 5);(3, 5);(4, 5)","(5, 5)",0.3897078735047413,False
189,18,20,"(5, 4)","(0, 1);(1, 1);(1, 2);(0, 2);(1, 2);(1, 1);(1, 0);(2, 0);(2, 1);(3, 1);(4, 1);(4, 2);(4, 3);(4, 4);(5, 4);(5, 5);(5, 5);(5, 5);(5, 5);(5, 4)","(5, 4)",0.3877593341372176,False
190,15,20,"(5, 5)","(0, 1);(0, 0);(0, 1);(0, 0);(1, 0);(2, 0);(2, 1);(2, 0);(2, 1);(3, 1);(3, 2);(3, 3);(4, 3);(5, 3);(5, 4);(4, 4);(5, 4);(5, 5);(5, 5);(5, 5)","(4, 5)",0.3858205374665315,True
191,20,20,"(5, 4)","(0, 1);(0, 2);(1, 2);(1, 3);(2, 3);(3, 3);(4, 3);(4, 4);(5, 4);(5, 3);(5, 4);(5, 3);(5, 4);(5, 5);(5, 5);(5, 5);(5, 5);(4, 5);(4, 4);(5, 4)","(4, 4)",0.38389143477919885,False
192,45,20,"(5, 5)","(0, 1);(0, 2);(1, 2);(0, 2);(1, 2);(1, 3);(2, 3);(2, 4);(3, 4);(4, 4);(5, 4);(5, 5);(5, 5);(5, 5);(5, 5);(5, 5);(5, 5);(5, 5);(5, 5);(5, 5)","(4, 5)",0.3819719776053028,True
193,19,20,"(5, 5)","(0, 1);(1, 1);(2, 1);(2, 2);(2, 3);(2, 2);(2, 3);(2, 4);(1, 4);(2, 4);(2, 3);(2, 4);(2, 5);(3, 5);(4, 5);(4, 5);(5, 5);(5, 5);(5, 5);(5, 5)","(5, 5)",0.3800621177172763,True
194,29,20,"(5, 5)","(0, 1);(1, 1);(1, 2);(1, 3);(1, 2);(1, 3);(2, 3);(2, 4);(3, 4);(4, 4);(3, 4);(3, 5);(4, 5);(5, 5);(5, 5);(5, 4);(5, 5);(5, 5);(5, 5);(5, 5)","(4, 5)",0.37816180712868996,True
195,10,20,"(5, 5)","(0, 0);(0, 1);(0, 1);(0, 0);(0, 1);(0, 1);(0, 2);(0, 1);(0, 2);(1, 2);(2, 2);(3, 2);(3, 3);(4, 3);(4, 4);(5, 4);(4, 4);(5, 4);(5, 5);(5, 5)","(5, 4)",0.37627099809304654,True
196,25,20,"(5, 5)","(0, 1);(0, 1);(0, 2);(1, 2);(1, 3);(1, 4);(1, 5);(2, 5);(3, 5);(3, 4);(4, 4);(3, 4);(4, 4);(4, 5);(5, 5);(4, 5);(5, 5);(5, 5);(5, 5);(5, 5)","(5, 5)",0.3743896431025813,True
197,45,20,"(5, 5)","(0, 1);(0, 2);(0, 3);(1, 3);(1, 2);(1, 3);(2, 3);(3, 3);(4, 3);(5, 3);(5, 4);(5, 5);(5, 5);(5, 5);(5, 5);(5, 5);(5, 5);(5, 5);(5, 5);(5, 5)","(5, 5)",0.37251769488706843,True
198,50,20,"(5, 5)","(0, 1);(0, 2);(0, 3);(1, 3);(1, 4);(2, 4);(3, 4);(3, 5);(4, 5);(5, 5);(5, 5);(5, 5);(5, 4);(5, 5);(5, 5);(5, 5);(5, 5);(5, 5);(5, 5);(5, 5)","(5, 5)",0.3706551064126331,True
199,40,20,"(5, 5)","(1, 0);(2, 0);(2, 1);(3, 1);(3, 2);(4, 2);(5, 2);(5, 1);(5, 2);(5, 3);(5, 4);(5, 5);(5, 5);(4, 5);(5, 5);(5, 5);(5, 5);(5, 5);(5, 5);(5, 5)","(5, 5)",0.36880183088056995,True
200,20,20,"(5, 5)","(0, 0);(0, 1);(0, 2);(1, 2);(1, 3);(2, 3);(3, 3);(3, 4);(4, 4);(5, 4);(4, 4);(3, 4);(4, 4);(4, 3);(4, 4);(4, 5);(5, 5);(5, 5);(5, 5);(5, 5)","(5, 5)",0.3669578217261671,True
201,35,20,"(5, 5)","(0, 1);(0, 2);(1, 2);(1, 3);(0, 3);(1, 3);(2, 3);(2, 4);(2, 3);(3, 3);(4, 3);(5, 3);(5, 4);(5, 5);(5, 5);(5, 5);(5, 5);(5, 5);(5, 5);(5, 5)","(5, 5)",0.36512303261753626,True
202,35,20,"(5, 5)","(0, 0);(0, 1);(0, 2);(1, 2);(1, 3);(1, 4);(2, 4);(3, 4);(4, 4);(3, 4);(3, 5);(4, 5);(5, 5);(5, 5);(5, 5);(5, 5);(5, 5);(5, 4);(5, 5);(5, 5)","(5, 5)",0.3632974174544486,True
203,15,20,"(4, 5)","(0, 1);(0, 2);(0, 1);(0, 2);(0, 3);(0, 4);(0, 5);(1, 5);(2, 5);(3, 5);(3, 5);(4, 5);(4, 4);(5, 4);(5, 5);(5, 5);(5, 5);(4, 5);(3, 5);(4, 5)","(5, 5)",0.3614809303671764,False
204,0,20,"(4, 5)","(0, 0);(0, 1);(0, 2);(0, 2);(0, 2);(0, 3);(1, 3);(1, 4);(2, 4);(2, 3);(2, 4);(1, 4);(2, 4);(3, 4);(2, 4);(1, 4);(2, 4);(3, 4);(3, 5);(4, 5)","(4, 5)",0.3596735257153405,False
205,15,20,"(5, 3)","(0, 0);(0, 0);(0, 1);(0, 2);(0, 3);(1, 3);(2, 3);(2, 4);(3, 4);(3, 3);(3, 4);(4, 4);(5, 4);(5, 5);(5, 5);(5, 5);(5, 4);(5, 3);(5, 4);(5, 3)","(5, 4)",0.3578751580867638,False
206,9,20,"(5, 5)","(0, 1);(0, 2);(0, 1);(1, 1);(0, 1);(0, 2);(0, 2);(1, 2);(1, 3);(2, 3);(3, 3);(4, 3);(3, 3);(3, 2);(3, 3);(3, 4);(4, 4);(4, 5);(5, 5);(5, 5)","(5, 5)",0.35608578229633,True
207,10,20,"(4, 3)","(0, 1);(0, 2);(0, 3);(1, 3);(2, 3);(3, 3);(3, 4);(2, 4);(3, 4);(3, 3);(4, 3);(5, 3);(5, 4);(5, 5);(5, 5);(5, 4);(5, 3);(4, 3);(4, 4);(4, 3)","(4, 2)",0.3543053533848483,False
208,55,20,"(5, 5)","(0, 1);(0, 2);(0, 3);(1, 3);(2, 3);(3, 3);(3, 4);(4, 4);(5, 4);(5, 5);(5, 5);(5, 5);(5, 5);(5, 5);(5, 5);(5, 5);(5, 5);(5, 5);(5, 5);(5, 5)","(5, 5)",0.35253382661792404,True
209,0,20,"(4, 4)","(1, 0);(0, 0);(0, 1);(0, 2);(0, 1);(0, 2);(0, 3);(0, 2);(0, 3);(1, 3);(1, 4);(1, 5);(2, 5);(3, 5);(4, 5);(4, 4);(3, 4);(4, 4);(3, 4);(4, 4)","(4, 5)",0.3507711574848344,False
210,35,20,"(5, 5)","(0, 1);(0, 0);(1, 0);(2, 0);(1, 0);(2, 0);(3, 0);(4, 0);(4, 1);(4, 2);(4, 3);(4, 4);(4, 5);(5, 5);(5, 5);(5, 5);(5, 5);(5, 5);(5, 5);(5, 5)","(5, 5)",0.34901730169741024,True
211,35,20,"(5, 4)","(0, 1);(0, 2);(0, 1);(0, 1);(0, 2);(1, 2);(1, 3);(2, 3);(3, 3);(3, 4);(4, 4);(4, 5);(5, 5);(5, 5);(5, 5);(5, 5);(5, 5);(5, 5);(5, 5);(5, 4)","(5, 5)",0.3472722151889232,False
212,35,20,"(5, 5)","(0, 1);(0, 2);(1, 2);(2, 2);(3, 2);(4, 2);(5, 2);(5, 3);(5, 3);(5, 4);(5, 5);(5, 5);(5, 5);(4, 5);(5, 5);(5, 5);(5, 4);(5, 5);(4, 5);(5, 5)","(5, 5)",0.3455358541129786,True
213,40,20,"(4, 5)","(1, 0);(2, 0);(3, 0);(3, 0);(3, 0);(4, 0);(4, 1);(4, 2);(4, 3);(4, 4);(5, 4);(5, 5);(5, 5);(5, 5);(5, 5);(5, 5);(5, 5);(5, 5);(5, 5);(4, 5)","(4, 4)",0.3438081748424137,False
214,0,20,"(5, 4)","(0, 1);(0, 0);(1, 0);(2, 0);(2, 0);(3, 0);(3, 1);(3, 0);(3, 1);(3, 0);(4, 0);(4, 1);(4, 2);(5, 2);(5, 3);(5, 2);(4, 2);(5, 2);(5, 3);(5, 4)","(5, 5)",0.3420891339682016,False
215,50,20,"(5, 5)","(0, 1);(0, 2);(0, 3);(1, 3);(2, 3);(3, 3);(4, 3);(4, 4);(5, 4);(5, 5);(5, 4);(5, 5);(5, 5);(5, 5);(5, 5);(5, 5);(5, 5);(5, 5);(5, 5);(5, 5)","(5, 5)",0.3403786882983606,True
216,34,20,"(5, 5)","(1, 0);(2, 0);(2, 1);(1, 1);(1, 2);(1, 3);(2, 3);(3, 3);(3, 4);(4, 4);(5, 4);(5, 5);(4, 5);(5, 5);(5, 5);(5, 5);(5, 5);(4, 5);(5, 5);(5, 5)","(5, 5)",0.3386767948568688,True
217,5,20,"(5, 5)","(0, 1);(0, 0);(0, 1);(0, 2);(1, 2);(1, 3);(2, 3);(3, 3);(3, 2);(3, 1);(3, 0);(3, 1);(3, 2);(3, 3);(3, 4);(3, 3);(3, 4);(3, 5);(4, 5);(5, 5)","(5, 5)",0.33698341088258443,True
218,0,20,"(3, 5)","(0, 1);(0, 2);(0, 3);(0, 4);(1, 4);(0, 4);(0, 4);(1, 4);(2, 4);(3, 4);(2, 4);(3, 4);(3, 5);(4, 5);(3, 5);(3, 5);(4, 5);(3, 5);(4, 5);(3, 5)","(4, 5)",0.3352984938281715,False
219,30,20,"(4, 5)","(0, 1);(0, 2);(1, 2);(1, 3);(2, 3);(3, 3);(4, 3);(5, 3);(5, 4);(5, 5);(4, 5);(3, 5);(4, 5);(5, 5);(5, 5);(5, 5);(5, 5);(4, 5);(5, 5);(4, 5)","(5, 5)",0.33362200135903064,False
220,20,20,"(4, 5)","(1, 0);(2, 0);(2, 0);(2, 1);(3, 1);(4, 1);(4, 2);(4, 3);(4, 4);(3, 4);(4, 4);(4, 3);(4, 4);(5, 4);(5, 5);(5, 4);(5, 5);(5, 5);(5, 5);(4, 5)","(5, 5)",0.33195389135223546,False
221,35,20,"(5, 5)","(1, 0);(2, 0);(2, 1);(3, 1);(4, 1);(4, 2);(4, 3);(5, 3);(5, 2);(5, 3);(5, 4);(5, 5);(4, 5);(5, 5);(5, 5);(5, 5);(5, 5);(5, 4);(5, 5);(5, 5)","(5, 5)",0.3302941218954743,True
222,15,20,"(5, 4)","(0, 1);(0, 2);(0, 3);(0, 4);(0, 5);(1, 5);(2, 5);(3, 5);(2, 5);(3, 5);(4, 5);(5, 5);(5, 5);(4, 5);(5, 5);(5, 4);(5, 4);(5, 3);(5, 4);(5, 4)","(5, 5)",0.32864265128599696,False
223,20,20,"(5, 5)","(1, 0);(2, 0);(3, 0);(3, 1);(4, 1);(4, 2);(5, 2);(5, 3);(4, 3);(4, 2);(4, 3);(4, 4);(5, 4);(5, 5);(5, 5);(5, 5);(5, 4);(4, 4);(5, 4);(5, 5)","(5, 5)",0.326999438029567,True
224,30,20,"(5, 5)","(0, 1);(0, 2);(0, 3);(0, 4);(0, 5);(1, 5);(2, 5);(3, 5);(4, 5);(3, 5);(4, 5);(5, 5);(5, 4);(5, 5);(4, 5);(5, 5);(5, 5);(4, 5);(5, 5);(5, 5)","(5, 5)",0.3253644408394192,True
225,28,20,"(5, 5)","(1, 0);(0, 0);(1, 0);(1, 1);(2, 1);(1, 1);(1, 2);(1, 3);(2, 3);(3, 3);(3, 4);(4, 4);(4, 5);(5, 5);(5, 5);(5, 5);(5, 4);(5, 5);(5, 5);(5, 5)","(4, 5)",0.3237376186352221,True
226,19,20,"(5, 4)","(0, 1);(0, 2);(0, 1);(0, 2);(0, 1);(1, 1);(1, 2);(1, 3);(2, 3);(3, 3);(3, 4);(4, 4);(5, 4);(5, 5);(5, 5);(5, 5);(5, 5);(4, 5);(4, 4);(5, 4)","(5, 3)",0.322118930542046,False
227,45,20,"(5, 5)","(0, 1);(0, 2);(1, 2);(2, 2);(2, 3);(2, 4);(3, 4);(4, 4);(5, 4);(5, 5);(5, 5);(5, 5);(5, 5);(4, 5);(5, 5);(5, 5);(4, 5);(5, 5);(5, 5);(5, 5)","(5, 5)",0.32050833588933575,True
228,35,20,"(5, 5)","(1, 0);(2, 0);(2, 1);(3, 1);(3, 2);(3, 3);(3, 4);(3, 5);(4, 5);(3, 5);(3, 4);(4, 4);(5, 4);(5, 5);(5, 5);(5, 5);(5, 5);(5, 5);(5, 5);(5, 5)","(5, 5)",0.31890579420988907,True
229,40,20,"(5, 5)","(0, 1);(0, 2);(1, 2);(0, 2);(0, 3);(0, 4);(1, 4);(2, 4);(3, 4);(4, 4);(5, 4);(5, 5);(5, 5);(5, 5);(5, 5);(5, 4);(5, 5);(5, 5);(5, 5);(5, 5)","(5, 5)",0.3173112652388396,True
230,50,20,"(5, 5)","(0, 1);(0, 2);(1, 2);(1, 3);(2, 3);(3, 3);(3, 4);(4, 4);(5, 4);(5, 5);(5, 5);(5, 5);(5, 5);(5, 4);(5, 5);(5, 5);(5, 5);(5, 5);(5, 5);(5, 5)","(5, 5)",0.3157247089126454,True
231,25,20,"(5, 5)","(0, 1);(0, 0);(0, 0);(0, 0);(1, 0);(2, 0);(2, 1);(2, 2);(2, 3);(3, 3);(2, 3);(3, 3);(3, 4);(4, 4);(5, 4);(5, 5);(5, 5);(5, 5);(5, 5);(5, 5)","(4, 5)",0.3141460853680822,True
232,55,20,"(5, 5)","(0, 1);(0, 2);(1, 2);(1, 3);(1, 4);(1, 5);(2, 5);(3, 5);(4, 5);(5, 5);(5, 5);(5, 5);(5, 5);(5, 5);(5, 5);(5, 5);(5, 5);(5, 5);(5, 5);(5, 5)","(5, 5)",0.3125753549412418,True
233,20,20,"(3, 3)","(1, 0);(2, 0);(3, 0);(4, 0);(5, 0);(5, 1);(5, 2);(5, 3);(5, 3);(4, 3);(5, 3);(5, 4);(5, 5);(5, 5);(5, 5);(5, 5);(5, 4);(5, 3);(4, 3);(3, 3)","(4, 3)",0.31101247816653554,False
234,15,20,"(5, 5)","(0, 1);(0, 2);(0, 3);(0, 2);(0, 3);(0, 2);(0, 3);(0, 2);(0, 3);(0, 4);(0, 5);(1, 5);(1, 5);(2, 5);(3, 5);(4, 5);(4, 5);(5, 5);(5, 5);(5, 5)","(5, 5)",0.30945741577570285,True
235,40,20,"(5, 5)","(0, 1);(0, 2);(0, 3);(0, 4);(1, 4);(2, 4);(3, 4);(4, 4);(3, 4);(3, 5);(4, 5);(5, 5);(5, 5);(5, 4);(5, 5);(5, 5);(5, 5);(5, 5);(5, 5);(5, 5)","(5, 5)",0.3079101286968243,True
236,15,20,"(5, 4)","(0, 1);(0, 2);(1, 2);(1, 3);(2, 3);(3, 3);(3, 4);(2, 4);(3, 4);(4, 4);(4, 3);(4, 2);(4, 3);(4, 4);(5, 4);(5, 5);(5, 5);(5, 4);(5, 5);(5, 4)","(5, 5)",0.3063705780533402,False
237,25,20,"(4, 5)","(0, 1);(0, 2);(0, 1);(0, 2);(1, 2);(1, 3);(2, 3);(2, 4);(3, 4);(3, 3);(3, 4);(4, 4);(5, 4);(5, 5);(5, 5);(5, 4);(5, 5);(5, 5);(5, 5);(4, 5)","(5, 5)",0.30483872516307353,False
238,40,20,"(5, 5)","(0, 0);(0, 1);(0, 2);(1, 2);(1, 3);(2, 3);(3, 3);(4, 3);(4, 4);(4, 3);(4, 4);(5, 4);(5, 5);(5, 5);(5, 5);(5, 5);(5, 5);(5, 5);(5, 5);(5, 5)","(5, 5)",0.3033145315372582,True
239,55,20,"(5, 5)","(0, 1);(0, 2);(0, 3);(1, 3);(2, 3);(3, 3);(3, 4);(4, 4);(5, 4);(5, 5);(5, 5);(5, 5);(5, 5);(5, 5);(5, 5);(5, 5);(5, 5);(5, 5);(5, 5);(5, 5)","(5, 4)",0.3017979588795719,True
240,40,20,"(5, 5)","(0, 1);(0, 2);(0, 1);(0, 2);(1, 2);(1, 3);(2, 3);(3, 3);(3, 4);(4, 4);(5, 4);(5, 5);(5, 5);(5, 4);(5, 5);(5, 5);(5, 5);(5, 5);(5, 5);(5, 5)","(5, 5)",0.30028896908517405,True
241,10,20,"(5, 5)","(0, 0);(0, 1);(0, 2);(1, 2);(1, 3);(1, 2);(0, 2);(0, 2);(0, 1);(0, 2);(1, 2);(1, 3);(2, 3);(3, 3);(3, 4);(4, 4);(5, 4);(5, 5);(5, 4);(5, 5)","(5, 5)",0.2987875242397482,True
242,40,20,"(5, 4)","(0, 1);(0, 2);(0, 3);(0, 4);(0, 5);(0, 5);(1, 5);(2, 5);(3, 5);(4, 5);(5, 5);(5, 5);(4, 5);(5, 5);(5, 5);(5, 5);(5, 5);(5, 5);(5, 5);(5, 4)","(5, 5)",0.29729358661854943,False
243,45,20,"(5, 5)","(1, 0);(2, 0);(3, 0);(4, 0);(4, 0);(5, 0);(5, 1);(5, 2);(5, 3);(5, 4);(5, 5);(5, 5);(5, 5);(5, 5);(5, 5);(5, 4);(5, 5);(5, 5);(5, 5);(5, 5)","(5, 5)",0.29580711868545667,True
244,25,20,"(5, 5)","(0, 1);(0, 2);(0, 3);(0, 3);(0, 4);(1, 4);(1, 5);(2, 5);(3, 5);(2, 5);(3, 5);(4, 5);(3, 5);(3, 5);(4, 5);(5, 5);(5, 5);(5, 5);(5, 5);(5, 5)","(5, 5)",0.2943280830920294,True
245,45,20,"(5, 5)","(0, 1);(0, 2);(1, 2);(1, 3);(2, 3);(3, 3);(3, 4);(3, 3);(3, 4);(4, 4);(5, 4);(5, 5);(5, 5);(5, 5);(5, 5);(5, 5);(5, 5);(5, 5);(5, 5);(5, 5)","(5, 5)",0.29285644267656924,True
246,0,20,"(4, 4)","(0, 1);(0, 0);(0, 1);(0, 2);(1, 2);(1, 3);(0, 3);(1, 3);(0, 3);(1, 3);(2, 3);(3, 3);(4, 3);(3, 3);(3, 4);(4, 4);(3, 4);(2, 4);(3, 4);(4, 4)","(5, 4)",0.2913921604631864,False
247,30,20,"(5, 5)","(0, 1);(0, 2);(1, 2);(1, 3);(2, 3);(3, 3);(3, 4);(4, 4);(5, 4);(4, 4);(3, 4);(4, 4);(5, 4);(5, 5);(5, 4);(5, 5);(5, 5);(5, 5);(5, 5);(5, 5)","(5, 5)",0.28993519966087045,True
248,45,20,"(5, 5)","(0, 1);(0, 2);(1, 2);(1, 3);(2, 3);(3, 3);(3, 4);(4, 4);(5, 4);(5, 5);(5, 5);(5, 4);(5, 5);(5, 5);(5, 5);(5, 4);(5, 5);(5, 5);(5, 5);(5, 5)","(5, 5)",0.2884855236625661,True
249,4,20,"(4, 5)","(0, 0);(0, 1);(1, 1);(1, 2);(1, 3);(2, 3);(3, 3);(3, 4);(2, 4);(3, 4);(2, 4);(2, 3);(3, 3);(3, 2);(4, 2);(4, 3);(4, 4);(5, 4);(5, 5);(4, 5)","(5, 5)",0.28704309604425327,False
250,50,20,"(5, 5)","(0, 0);(0, 1);(0, 2);(1, 2);(1, 3);(2, 3);(3, 3);(3, 4);(4, 4);(5, 4);(5, 5);(5, 5);(5, 5);(5, 5);(5, 5);(5, 5);(5, 5);(5, 5);(5, 5);(5, 5)","(4, 5)",0.285607880564032,True
251,20,20,"(5, 4)","(0, 1);(0, 1);(0, 2);(1, 2);(1, 3);(0, 3);(1, 3);(2, 3);(3, 3);(3, 4);(2, 4);(3, 4);(4, 4);(5, 4);(5, 4);(5, 5);(5, 5);(5, 5);(5, 5);(5, 4)","(5, 5)",0.28417984116121187,False
252,9,20,"(5, 5)","(0, 1);(1, 1);(1, 2);(1, 3);(1, 2);(1, 3);(1, 4);(1, 3);(0, 3);(0, 4);(0, 5);(1, 5);(2, 5);(3, 5);(3, 5);(4, 5);(4, 5);(4, 5);(5, 5);(5, 5)","(5, 5)",0.2827589419554058,True
253,40,20,"(5, 5)","(0, 1);(0, 2);(0, 3);(1, 3);(2, 3);(2, 4);(3, 4);(4, 4);(5, 4);(5, 5);(4, 5);(3, 5);(4, 5);(5, 5);(5, 5);(5, 5);(5, 5);(5, 5);(5, 5);(5, 5)","(5, 5)",0.28134514724562876,True
254,40,20,"(5, 5)","(0, 1);(0, 2);(0, 3);(0, 4);(1, 4);(1, 5);(2, 5);(2, 5);(1, 5);(2, 5);(3, 5);(4, 5);(5, 5);(5, 5);(5, 5);(5, 5);(5, 5);(5, 5);(5, 5);(5, 5)","(5, 5)",0.2799384215094006,True
255,55,20,"(5, 5)","(0, 1);(0, 2);(1, 2);(1, 3);(2, 3);(3, 3);(3, 4);(4, 4);(5, 4);(5, 5);(5, 5);(5, 5);(5, 5);(5, 5);(5, 5);(5, 5);(5, 5);(5, 5);(5, 5);(5, 5)","(5, 5)",0.27853872940185365,True
256,50,20,"(5, 5)","(0, 1);(0, 2);(1, 2);(1, 3);(2, 3);(3, 3);(4, 3);(4, 4);(5, 4);(5, 5);(5, 5);(5, 5);(5, 5);(5, 5);(5, 5);(4, 5);(5, 5);(5, 5);(5, 5);(5, 5)","(5, 5)",0.27714603575484437,True
257,54,20,"(5, 5)","(0, 1);(1, 1);(1, 2);(1, 3);(2, 3);(3, 3);(3, 4);(4, 4);(4, 5);(5, 5);(5, 5);(5, 5);(5, 5);(5, 5);(5, 5);(5, 5);(5, 5);(5, 5);(5, 5);(5, 5)","(5, 4)",0.2757603055760701,True
258,55,20,"(5, 5)","(1, 0);(2, 0);(3, 0);(3, 1);(3, 2);(4, 2);(4, 3);(4, 4);(5, 4);(5, 5);(5, 5);(5, 5);(5, 5);(5, 5);(5, 5);(5, 5);(5, 5);(5, 5);(5, 5);(5, 5)","(5, 5)",0.2743815040481898,True
259,25,20,"(5, 5)","(1, 0);(2, 0);(3, 0);(4, 0);(4, 1);(4, 2);(4, 3);(4, 4);(3, 4);(4, 4);(5, 4);(5, 3);(5, 4);(5, 3);(5, 4);(5, 5);(5, 5);(5, 5);(5, 5);(5, 5)","(5, 5)",0.2730095965279488,True
260,55,20,"(5, 5)","(0, 1);(0, 2);(1, 2);(1, 3);(2, 3);(3, 3);(3, 4);(4, 4);(5, 4);(5, 5);(5, 5);(5, 5);(5, 5);(5, 5);(5, 5);(5, 5);(5, 5);(5, 5);(5, 5);(5, 5)","(5, 5)",0.27164454854530906,True
261,29,20,"(5, 5)","(0, 0);(0, 1);(0, 2);(1, 2);(1, 1);(1, 2);(1, 3);(0, 3);(1, 3);(2, 3);(3, 3);(3, 4);(4, 4);(5, 4);(5, 5);(5, 5);(5, 5);(5, 5);(5, 5);(5, 5)","(5, 5)",0.2702863258025825,True
262,35,20,"(5, 5)","(0, 1);(0, 0);(0, 1);(0, 2);(0, 2);(0, 3);(0, 4);(0, 5);(1, 5);(2, 5);(3, 5);(4, 5);(5, 5);(5, 5);(5, 5);(5, 4);(5, 5);(5, 5);(5, 5);(5, 5)","(5, 5)",0.2689348941735696,True
263,35,20,"(5, 5)","(0, 1);(0, 2);(1, 2);(0, 2);(1, 2);(1, 3);(2, 3);(3, 3);(4, 3);(5, 3);(5, 4);(5, 5);(4, 5);(5, 5);(5, 4);(5, 5);(5, 5);(5, 5);(5, 5);(5, 5)","(5, 5)",0.26759021970270175,True
264,15,20,"(5, 5)","(0, 1);(0, 2);(0, 3);(0, 4);(0, 3);(1, 3);(2, 3);(3, 3);(4, 3);(5, 3);(5, 2);(5, 3);(4, 3);(4, 2);(4, 3);(5, 3);(5, 4);(5, 5);(5, 5);(5, 5)","(5, 4)",0.2662522686041882,True
265,40,20,"(5, 5)","(1, 0);(2, 0);(3, 0);(3, 1);(4, 1);(4, 2);(4, 1);(4, 2);(5, 2);(5, 3);(5, 4);(5, 5);(5, 5);(5, 5);(5, 5);(5, 5);(5, 4);(5, 5);(5, 5);(5, 5)","(5, 5)",0.2649210072611673,True
266,24,20,"(5, 5)","(0, 1);(1, 1);(1, 2);(1, 3);(2, 3);(2, 2);(2, 3);(3, 3);(4, 3);(4, 2);(4, 3);(5, 3);(5, 4);(5, 5);(4, 5);(5, 5);(5, 4);(5, 5);(5, 5);(5, 5)","(5, 5)",0.26359640222486147,True
267,39,20,"(5, 5)","(1, 0);(1, 1);(1, 2);(1, 3);(2, 3);(1, 3);(2, 3);(3, 3);(3, 4);(4, 4);(5, 4);(5, 5);(5, 5);(5, 5);(5, 5);(5, 5);(4, 5);(5, 5);(5, 5);(5, 5)","(5, 5)",0.26227842021373715,True
268,40,20,"(5, 5)","(0, 1);(0, 2);(1, 2);(1, 3);(1, 2);(1, 3);(2, 3);(3, 3);(4, 3);(4, 4);(5, 4);(5, 5);(4, 5);(5, 5);(5, 5);(5, 5);(5, 5);(5, 5);(5, 5);(5, 5)","(5, 5)",0.2609670281126685,True
269,30,20,"(5, 5)","(0, 1);(0, 2);(1, 2);(1, 3);(2, 3);(1, 3);(0, 3);(1, 3);(2, 3);(3, 3);(3, 4);(4, 4);(5, 4);(5, 5);(5, 5);(5, 5);(5, 5);(4, 5);(5, 5);(5, 5)","(5, 5)",0.25966219297210513,True
270,50,20,"(5, 5)","(0, 1);(0, 2);(1, 2);(1, 3);(2, 3);(3, 3);(3, 4);(4, 4);(5, 4);(5, 5);(5, 5);(5, 5);(5, 5);(5, 5);(5, 5);(5, 5);(4, 5);(5, 5);(5, 5);(5, 5)","(5, 4)",0.2583638820072446,True
271,55,20,"(5, 5)","(0, 1);(0, 2);(1, 2);(1, 3);(2, 3);(2, 4);(3, 4);(4, 4);(5, 4);(5, 5);(5, 5);(5, 5);(5, 5);(5, 5);(5, 5);(5, 5);(5, 5);(5, 5);(5, 5);(5, 5)","(5, 5)",0.2570720625972084,True
272,50,20,"(5, 5)","(1, 0);(2, 0);(3, 0);(4, 0);(4, 1);(5, 1);(5, 2);(5, 3);(5, 4);(5, 5);(5, 5);(5, 5);(5, 5);(5, 4);(5, 5);(5, 5);(5, 5);(5, 5);(5, 5);(5, 5)","(5, 5)",0.25578670228422234,True
273,50,20,"(5, 5)","(0, 1);(0, 2);(0, 3);(1, 3);(2, 3);(2, 4);(3, 4);(4, 4);(5, 4);(5, 5);(5, 5);(5, 5);(5, 5);(4, 5);(5, 5);(5, 5);(5, 5);(5, 5);(5, 5);(5, 5)","(5, 5)",0.25450776877280124,True
274,40,20,"(4, 5)","(1, 0);(2, 0);(3, 0);(3, 1);(4, 1);(4, 2);(4, 3);(5, 3);(5, 4);(5, 5);(5, 5);(5, 5);(5, 5);(5, 5);(5, 5);(5, 5);(5, 5);(4, 5);(3, 5);(4, 5)","(5, 5)",0.2532352299289372,False
275,50,20,"(5, 5)","(1, 0);(2, 0);(3, 0);(3, 1);(3, 2);(4, 2);(4, 3);(5, 3);(5, 4);(5, 5);(5, 5);(5, 5);(5, 5);(5, 5);(4, 5);(5, 5);(5, 5);(5, 5);(5, 5);(5, 5)","(5, 5)",0.2519690537792925,True
276,44,20,"(5, 5)","(0, 1);(1, 1);(1, 2);(1, 3);(2, 3);(3, 3);(3, 4);(4, 4);(4, 3);(5, 3);(5, 4);(5, 5);(5, 5);(5, 5);(5, 5);(5, 5);(5, 5);(5, 5);(5, 5);(5, 5)","(5, 5)",0.2507092085103961,True
277,40,20,"(5, 5)","(1, 0);(2, 0);(3, 0);(3, 1);(2, 1);(3, 1);(4, 1);(4, 2);(4, 3);(4, 4);(5, 4);(5, 5);(5, 5);(5, 5);(5, 5);(5, 5);(5, 4);(5, 5);(5, 5);(5, 5)","(5, 5)",0.2494556624678441,True
278,40,20,"(5, 5)","(1, 0);(2, 0);(2, 1);(3, 1);(4, 1);(5, 1);(5, 2);(5, 3);(5, 2);(5, 3);(5, 4);(5, 5);(5, 5);(5, 5);(5, 5);(4, 5);(5, 5);(5, 5);(5, 5);(5, 5)","(5, 5)",0.24820838415550486,True
279,50,20,"(5, 5)","(0, 1);(0, 1);(0, 2);(1, 2);(1, 3);(2, 3);(3, 3);(3, 4);(4, 4);(5, 4);(5, 5);(5, 5);(5, 5);(5, 5);(5, 5);(5, 5);(5, 5);(5, 5);(5, 5);(5, 5)","(4, 5)",0.24696734223472733,True
280,35,20,"(5, 5)","(0, 1);(0, 1);(0, 2);(1, 2);(1, 3);(2, 3);(3, 3);(3, 4);(4, 4);(5, 4);(5, 3);(5, 4);(5, 5);(5, 5);(5, 5);(4, 5);(5, 5);(5, 5);(5, 5);(5, 5)","(5, 4)",0.2457325055235537,True
281,45,20,"(5, 5)","(0, 0);(0, 1);(0, 2);(1, 2);(1, 3);(2, 3);(3, 3);(3, 4);(4, 4);(5, 4);(5, 5);(5, 5);(5, 5);(5, 5);(5, 5);(4, 5);(5, 5);(5, 5);(5, 5);(5, 5)","(5, 5)",0.24450384299593592,True
282,35,20,"(5, 5)","(0, 1);(0, 2);(0, 3);(0, 4);(0, 5);(1, 5);(2, 5);(3, 5);(4, 5);(3, 5);(4, 5);(4, 5);(5, 5);(5, 4);(5, 5);(5, 5);(5, 5);(5, 5);(5, 5);(5, 5)","(5, 5)",0.24328132378095624,True
283,45,20,"(5, 5)","(1, 0);(2, 0);(1, 0);(2, 0);(3, 0);(3, 1);(4, 1);(4, 2);(4, 3);(4, 4);(5, 4);(5, 5);(5, 5);(5, 5);(5, 5);(5, 5);(5, 5);(5, 5);(5, 5);(5, 5)","(5, 5)",0.24206491716205145,True
284,49,20,"(5, 5)","(0, 1);(1, 1);(1, 2);(1, 3);(2, 3);(3, 3);(4, 3);(4, 4);(5, 4);(5, 5);(5, 5);(5, 5);(5, 5);(5, 5);(5, 5);(5, 5);(5, 5);(5, 5);(4, 5);(5, 5)","(4, 5)",0.2408545925762412,True
285,30,20,"(5, 5)","(0, 1);(0, 0);(0, 1);(0, 2);(1, 2);(0, 2);(1, 2);(1, 3);(2, 3);(3, 3);(4, 3);(4, 4);(5, 4);(5, 5);(5, 5);(4, 5);(5, 5);(5, 5);(5, 5);(5, 5)","(5, 5)",0.23965031961336,True
286,40,20,"(5, 5)","(0, 1);(0, 2);(0, 2);(1, 2);(1, 3);(2, 3);(2, 4);(3, 4);(3, 3);(3, 4);(4, 4);(5, 4);(5, 5);(5, 5);(5, 5);(5, 5);(5, 5);(5, 5);(5, 5);(5, 5)","(4, 5)",0.2384520680152932,True
287,15,20,"(5, 5)","(0, 1);(0, 2);(1, 2);(1, 3);(0, 3);(1, 3);(0, 3);(1, 3);(2, 3);(2, 2);(2, 3);(3, 3);(2, 3);(2, 4);(3, 4);(4, 4);(5, 4);(5, 5);(5, 5);(5, 5)","(5, 5)",0.23725980767521673,True
288,20,20,"(5, 4)","(0, 1);(0, 2);(1, 2);(1, 3);(2, 3);(2, 2);(2, 3);(3, 3);(3, 4);(2, 4);(2, 3);(3, 3);(4, 3);(5, 3);(5, 4);(5, 5);(5, 5);(5, 5);(5, 5);(5, 4)","(5, 5)",0.23607350863684065,False
289,55,20,"(5, 5)","(0, 1);(0, 2);(1, 2);(1, 3);(2, 3);(3, 3);(3, 4);(4, 4);(5, 4);(5, 5);(5, 5);(5, 5);(5, 5);(5, 5);(5, 5);(5, 5);(5, 5);(5, 5);(5, 5);(5, 5)","(5, 5)",0.23489314109365644,True
290,45,20,"(4, 5)","(0, 1);(0, 2);(1, 2);(1, 3);(2, 3);(3, 3);(4, 3);(5, 3);(5, 4);(5, 5);(5, 5);(5, 5);(5, 5);(5, 5);(5, 5);(4, 5);(5, 5);(5, 5);(5, 5);(4, 5)","(5, 5)",0.23371867538818816,False
291,45,20,"(5, 5)","(1, 0);(2, 0);(3, 0);(4, 0);(4, 1);(3, 1);(4, 1);(4, 2);(5, 2);(5, 3);(5, 4);(5, 5);(5, 5);(5, 5);(5, 5);(5, 5);(5, 5);(5, 5);(5, 5);(5, 5)","(5, 5)",0.23255008201124722,True
292,35,20,"(5, 5)","(0, 0);(0, 0);(0, 1);(0, 1);(0, 2);(0, 3);(0, 4);(0, 5);(0, 5);(1, 5);(2, 5);(3, 5);(4, 5);(5, 5);(5, 5);(5, 5);(5, 5);(5, 5);(5, 5);(5, 5)","(5, 5)",0.231387331601191,True
293,35,20,"(5, 4)","(0, 1);(0, 2);(1, 2);(2, 2);(3, 2);(4, 2);(4, 3);(5, 3);(5, 4);(5, 5);(5, 5);(5, 5);(5, 5);(5, 4);(5, 5);(5, 5);(5, 5);(5, 4);(4, 4);(5, 4)","(5, 5)",0.23023039494318503,False
294,30,20,"(5, 4)","(0, 1);(0, 2);(0, 1);(0, 2);(1, 2);(1, 3);(2, 3);(3, 3);(3, 2);(4, 2);(5, 2);(5, 3);(5, 4);(5, 5);(5, 5);(5, 5);(5, 5);(5, 5);(5, 5);(5, 4)","(5, 5)",0.2290792429684691,False
295,45,20,"(5, 5)","(0, 1);(0, 0);(0, 1);(0, 2);(0, 3);(1, 3);(2, 3);(3, 3);(3, 4);(4, 4);(5, 4);(5, 5);(5, 5);(5, 5);(5, 5);(5, 5);(5, 5);(5, 5);(5, 5);(5, 5)","(5, 5)",0.22793384675362674,True
296,30,20,"(5, 5)","(0, 1);(0, 2);(1, 2);(1, 3);(1, 4);(0, 4);(1, 4);(2, 4);(3, 4);(4, 4);(5, 4);(5, 5);(5, 5);(5, 5);(5, 5);(5, 4);(5, 3);(5, 4);(5, 5);(5, 5)","(5, 4)",0.22679417751985861,True
297,50,20,"(5, 5)","(0, 1);(0, 2);(1, 2);(1, 3);(2, 3);(2, 4);(3, 4);(4, 4);(5, 4);(5, 5);(5, 5);(5, 4);(5, 5);(5, 5);(5, 5);(5, 5);(5, 5);(5, 5);(5, 5);(5, 5)","(5, 5)",0.22566020663225933,True
298,40,20,"(5, 5)","(0, 1);(0, 2);(1, 2);(1, 3);(2, 3);(2, 4);(3, 4);(4, 4);(3, 4);(4, 4);(5, 4);(5, 4);(5, 5);(5, 5);(5, 5);(5, 5);(5, 5);(5, 5);(5, 5);(5, 5)","(5, 5)",0.22453190559909803,True
299,15,20,"(5, 5)","(0, 1);(0, 2);(1, 2);(1, 3);(0, 3);(1, 3);(2, 3);(3, 3);(4, 3);(5, 3);(5, 3);(4, 3);(4, 4);(5, 4);(5, 3);(5, 4);(5, 5);(5, 5);(5, 4);(5, 5)","(5, 4)",0.22340924607110255,True
300,55,20,"(5, 5)","(0, 1);(0, 2);(1, 2);(1, 3);(2, 3);(3, 3);(3, 4);(4, 4);(5, 4);(5, 5);(5, 5);(5, 5);(5, 5);(5, 5);(5, 5);(5, 5);(5, 5);(5, 5);(5, 5);(5, 5)","(5, 5)",0.22229219984074702,True
301,10,20,"(5, 5)","(0, 1);(0, 0);(0, 0);(0, 1);(0, 2);(1, 2);(1, 3);(2, 3);(3, 3);(4, 3);(5, 3);(5, 4);(4, 4);(5, 4);(4, 4);(4, 5);(3, 5);(4, 5);(5, 5);(5, 5)","(5, 5)",0.2211807388415433,True
302,55,20,"(5, 5)","(0, 1);(0, 2);(1, 2);(2, 2);(3, 2);(4, 2);(5, 2);(5, 3);(5, 4);(5, 5);(5, 5);(5, 5);(5, 5);(5, 5);(5, 5);(5, 5);(5, 5);(5, 5);(5, 5);(5, 5)","(5, 5)",0.22007483514733558,True
303,50,20,"(5, 5)","(0, 1);(0, 2);(1, 2);(2, 2);(3, 2);(4, 2);(5, 2);(5, 3);(5, 4);(5, 5);(4, 5);(5, 5);(5, 5);(5, 5);(5, 5);(5, 5);(5, 5);(5, 5);(5, 5);(5, 5)","(4, 5)",0.2189744609715989,True
304,45,20,"(5, 5)","(0, 1);(0, 2);(0, 3);(0, 4);(0, 5);(1, 5);(2, 5);(3, 5);(4, 5);(5, 5);(4, 5);(5, 5);(5, 5);(5, 5);(4, 5);(5, 5);(5, 5);(5, 5);(5, 5);(5, 5)","(5, 5)",0.2178795886667409,True
305,55,20,"(5, 5)","(0, 1);(0, 2);(1, 2);(1, 3);(2, 3);(2, 4);(3, 4);(4, 4);(4, 5);(5, 5);(5, 5);(5, 5);(5, 5);(5, 5);(5, 5);(5, 5);(5, 5);(5, 5);(5, 5);(5, 5)","(5, 5)",0.2167901907234072,True
306,55,20,"(5, 5)","(1, 0);(2, 0);(3, 0);(3, 1);(4, 1);(4, 2);(5, 2);(5, 3);(5, 4);(5, 5);(5, 5);(5, 5);(5, 5);(5, 5);(5, 5);(5, 5);(5, 5);(5, 5);(5, 5);(5, 5)","(5, 5)",0.21570623976979014,True
307,40,20,"(5, 5)","(0, 1);(0, 2);(1, 2);(0, 2);(1, 2);(1, 3);(2, 3);(2, 4);(3, 4);(3, 5);(4, 5);(5, 5);(5, 5);(5, 5);(5, 5);(5, 5);(5, 5);(5, 4);(5, 5);(5, 5)","(5, 4)",0.21462770857094118,True
308,50,20,"(5, 5)","(0, 1);(0, 2);(1, 2);(1, 3);(2, 3);(2, 4);(3, 4);(4, 4);(5, 4);(5, 4);(5, 5);(5, 5);(5, 5);(5, 5);(5, 5);(5, 5);(5, 5);(5, 5);(5, 5);(5, 5)","(5, 5)",0.21355457002808648,True
309,45,20,"(5, 5)","(0, 1);(0, 2);(0, 2);(1, 2);(1, 3);(2, 3);(2, 4);(3, 4);(4, 4);(5, 4);(5, 5);(5, 5);(5, 5);(5, 5);(5, 5);(5, 5);(5, 5);(5, 5);(4, 5);(5, 5)","(5, 5)",0.21248679717794605,True
310,40,20,"(5, 5)","(0, 1);(0, 2);(1, 2);(1, 3);(2, 3);(3, 3);(4, 3);(4, 4);(4, 3);(4, 4);(5, 4);(5, 5);(5, 5);(5, 5);(5, 5);(5, 5);(5, 5);(5, 5);(5, 4);(5, 5)","(5, 4)",0.21142436319205632,True
311,29,20,"(5, 5)","(0, 1);(1, 1);(1, 2);(1, 3);(2, 3);(3, 3);(3, 4);(4, 4);(5, 4);(5, 3);(5, 4);(5, 5);(5, 5);(5, 4);(5, 3);(5, 4);(5, 5);(5, 5);(5, 5);(5, 5)","(5, 5)",0.21036724137609603,True
312,55,20,"(5, 5)","(1, 0);(2, 0);(3, 0);(4, 0);(5, 0);(5, 1);(5, 2);(5, 3);(5, 4);(5, 5);(5, 5);(5, 5);(5, 5);(5, 5);(5, 5);(5, 5);(5, 5);(5, 5);(5, 5);(5, 5)","(5, 5)",0.20931540516921554,True
313,15,20,"(5, 5)","(1, 0);(2, 0);(1, 0);(2, 0);(3, 0);(4, 0);(4, 1);(4, 2);(3, 2);(3, 3);(3, 2);(4, 2);(4, 1);(5, 1);(5, 2);(5, 3);(5, 4);(5, 5);(5, 5);(5, 5)","(5, 5)",0.20826882814336947,True
314,35,20,"(5, 5)","(0, 1);(0, 2);(1, 2);(2, 2);(3, 2);(4, 2);(4, 3);(4, 4);(4, 3);(3, 3);(4, 3);(5, 3);(5, 4);(5, 5);(5, 5);(5, 5);(5, 5);(5, 5);(5, 5);(5, 5)","(5, 5)",0.20722748400265262,True
315,45,20,"(5, 5)","(1, 0);(2, 0);(3, 0);(3, 1);(4, 1);(4, 2);(4, 3);(5, 3);(5, 2);(5, 3);(5, 4);(5, 5);(5, 5);(5, 5);(5, 5);(5, 5);(5, 5);(5, 5);(5, 5);(5, 5)","(5, 5)",0.20619134658263935,True
316,45,20,"(5, 5)","(0, 1);(0, 2);(1, 2);(1, 3);(2, 3);(2, 4);(3, 4);(4, 4);(5, 4);(5, 5);(5, 5);(5, 5);(5, 4);(5, 5);(5, 5);(5, 5);(5, 5);(5, 5);(5, 4);(5, 5)","(5, 5)",0.20516038984972615,True
317,50,20,"(5, 5)","(1, 0);(2, 0);(3, 0);(3, 0);(4, 0);(4, 1);(4, 2);(4, 3);(5, 3);(5, 4);(5, 5);(5, 5);(5, 5);(5, 5);(5, 5);(5, 5);(5, 5);(5, 5);(5, 5);(5, 5)","(5, 5)",0.2041345879004775,True
318,30,20,"(5, 5)","(1, 0);(2, 0);(1, 0);(2, 0);(3, 0);(3, 1);(4, 1);(5, 1);(5, 2);(5, 3);(5, 4);(5, 5);(5, 5);(5, 5);(5, 5);(5, 4);(5, 3);(5, 4);(5, 5);(5, 5)","(5, 5)",0.2031139149609751,True
319,40,20,"(4, 5)","(1, 0);(2, 0);(2, 1);(2, 2);(2, 3);(3, 3);(3, 2);(4, 2);(4, 3);(4, 4);(5, 4);(5, 5);(5, 5);(5, 5);(5, 5);(5, 5);(5, 5);(5, 5);(5, 5);(4, 5)","(5, 5)",0.20209834538617025,False
320,35,20,"(5, 5)","(0, 1);(0, 1);(0, 2);(0, 2);(1, 2);(1, 3);(2, 3);(3, 3);(4, 3);(4, 4);(5, 4);(4, 4);(5, 4);(5, 5);(5, 5);(5, 5);(5, 5);(5, 5);(5, 5);(5, 5)","(5, 5)",0.2010878536592394,True
321,50,20,"(5, 5)","(0, 1);(0, 2);(1, 2);(1, 3);(1, 4);(1, 5);(2, 5);(3, 5);(4, 5);(5, 5);(5, 5);(5, 5);(5, 4);(5, 5);(5, 5);(5, 5);(5, 5);(5, 5);(5, 5);(5, 5)","(5, 5)",0.2000824143909432,True
322,25,20,"(5, 5)","(0, 1);(0, 2);(0, 3);(1, 3);(2, 3);(2, 4);(2, 5);(3, 5);(2, 5);(3, 5);(3, 4);(3, 5);(4, 5);(5, 5);(5, 5);(5, 4);(5, 5);(4, 5);(5, 5);(5, 5)","(5, 4)",0.19908200231898848,True
323,30,20,"(5, 5)","(1, 0);(1, 0);(2, 0);(3, 0);(2, 0);(3, 0);(3, 1);(2, 1);(3, 1);(4, 1);(4, 2);(4, 3);(5, 3);(5, 4);(5, 5);(5, 5);(5, 5);(5, 5);(5, 5);(5, 5)","(5, 5)",0.19808659230739353,True
324,19,20,"(5, 5)","(0, 1);(0, 0);(0, 1);(0, 2);(1, 2);(1, 1);(2, 1);(3, 1);(4, 1);(3, 1);(4, 1);(5, 1);(5, 2);(5, 3);(5, 3);(5, 4);(5, 5);(5, 5);(5, 5);(5, 5)","(5, 5)",0.19709615934585656,True
325,25,20,"(5, 4)","(0, 1);(0, 2);(1, 2);(2, 2);(3, 2);(4, 2);(4, 3);(5, 3);(5, 4);(5, 5);(5, 4);(4, 4);(5, 4);(5, 4);(5, 5);(5, 5);(5, 5);(5, 4);(5, 5);(5, 4)","(5, 3)",0.19611067854912728,False
326,40,20,"(5, 5)","(1, 0);(2, 0);(3, 0);(4, 0);(3, 0);(4, 0);(4, 1);(5, 1);(5, 2);(5, 3);(5, 4);(5, 5);(5, 5);(5, 5);(5, 5);(5, 5);(5, 5);(4, 5);(5, 5);(5, 5)","(5, 5)",0.19513012515638165,True
327,25,20,"(5, 5)","(0, 0);(0, 1);(0, 2);(0, 1);(0, 2);(1, 2);(1, 3);(0, 3);(1, 3);(2, 3);(3, 3);(4, 3);(5, 3);(5, 4);(5, 5);(5, 5);(4, 5);(5, 5);(5, 5);(5, 5)","(5, 5)",0.19415447453059972,True
328,0,20,"(5, 3)","(1, 0);(2, 0);(3, 0);(4, 0);(4, 1);(5, 1);(5, 1);(5, 0);(4, 0);(4, 1);(3, 1);(4, 1);(3, 1);(4, 1);(5, 1);(5, 0);(5, 1);(5, 1);(5, 2);(5, 3)","(5, 4)",0.19318370215794672,False
329,50,20,"(5, 5)","(0, 1);(0, 2);(0, 3);(0, 4);(1, 4);(2, 4);(3, 4);(4, 4);(5, 4);(5, 5);(5, 4);(5, 5);(5, 5);(5, 5);(5, 5);(5, 5);(5, 5);(5, 5);(5, 5);(5, 5)","(5, 5)",0.192217783647157,True
330,40,20,"(5, 5)","(1, 0);(2, 0);(3, 0);(3, 1);(4, 1);(3, 1);(4, 1);(5, 1);(5, 2);(5, 3);(5, 4);(5, 5);(5, 5);(5, 5);(5, 4);(5, 5);(5, 5);(5, 5);(5, 5);(5, 5)","(5, 5)",0.1912566947289212,True
331,30,20,"(5, 5)","(1, 0);(1, 0);(2, 0);(3, 0);(3, 1);(4, 1);(5, 1);(5, 2);(5, 3);(5, 3);(5, 4);(5, 3);(5, 4);(5, 5);(4, 5);(5, 5);(5, 5);(5, 5);(5, 5);(5, 5)","(5, 5)",0.1903004112552766,True
332,50,20,"(5, 5)","(0, 1);(0, 2);(0, 3);(1, 3);(2, 3);(2, 4);(3, 4);(4, 4);(5, 4);(5, 5);(5, 5);(5, 5);(5, 5);(5, 5);(5, 4);(5, 5);(5, 5);(5, 5);(5, 5);(5, 5)","(5, 5)",0.18934890919900021,True
333,49,20,"(5, 5)","(1, 0);(1, 1);(2, 1);(2, 2);(3, 2);(3, 3);(3, 4);(4, 4);(5, 4);(5, 5);(5, 5);(5, 5);(5, 5);(5, 5);(5, 5);(5, 5);(5, 4);(5, 5);(5, 5);(5, 5)","(5, 5)",0.18840216465300522,True
334,50,20,"(5, 5)","(0, 1);(0, 2);(1, 2);(2, 2);(3, 2);(4, 2);(5, 2);(5, 3);(5, 4);(5, 5);(5, 5);(5, 5);(4, 5);(5, 5);(5, 5);(5, 5);(5, 5);(5, 5);(5, 5);(5, 5)","(5, 5)",0.18746015382974018,True
335,50,20,"(5, 5)","(0, 1);(0, 2);(1, 2);(2, 2);(3, 2);(4, 2);(5, 2);(5, 3);(5, 4);(5, 5);(5, 5);(5, 5);(5, 5);(4, 5);(5, 5);(5, 5);(5, 5);(5, 5);(5, 5);(5, 5)","(5, 4)",0.1865228530605915,True
336,45,20,"(5, 5)","(0, 1);(0, 0);(1, 0);(2, 0);(3, 0);(3, 1);(4, 1);(5, 1);(5, 2);(5, 3);(5, 4);(5, 5);(5, 5);(5, 5);(5, 5);(5, 5);(5, 5);(5, 5);(5, 5);(5, 5)","(5, 5)",0.18559023879528855,True
337,55,20,"(5, 5)","(0, 1);(0, 2);(1, 2);(2, 2);(3, 2);(4, 2);(5, 2);(5, 3);(5, 4);(5, 5);(5, 5);(5, 5);(5, 5);(5, 5);(5, 5);(5, 5);(5, 5);(5, 5);(5, 5);(5, 5)","(5, 5)",0.1846622876013121,True
338,5,20,"(5, 5)","(0, 1);(0, 2);(1, 2);(0, 2);(1, 2);(2, 2);(1, 2);(2, 2);(3, 2);(4, 2);(5, 2);(5, 3);(5, 4);(5, 3);(5, 4);(4, 4);(5, 4);(5, 3);(5, 4);(5, 5)","(5, 5)",0.18373897616330553,True
339,35,20,"(5, 5)","(0, 1);(0, 2);(1, 2);(2, 2);(3, 2);(3, 1);(4, 1);(5, 1);(5, 2);(5, 3);(5, 4);(4, 4);(5, 4);(5, 5);(5, 5);(5, 5);(5, 5);(5, 5);(5, 5);(5, 5)","(5, 5)",0.182820281282489,True
340,50,20,"(5, 5)","(0, 0);(1, 0);(2, 0);(3, 0);(3, 1);(4, 1);(5, 1);(5, 2);(5, 3);(5, 4);(5, 5);(5, 5);(5, 5);(5, 5);(5, 5);(5, 5);(5, 5);(5, 5);(5, 5);(5, 5)","(5, 5)",0.18190617987607657,True
341,40,20,"(5, 5)","(1, 0);(2, 0);(3, 0);(3, 1);(4, 1);(5, 1);(4, 1);(5, 1);(5, 2);(5, 3);(5, 4);(5, 5);(5, 5);(5, 5);(5, 5);(5, 5);(5, 4);(5, 5);(5, 5);(5, 5)","(5, 5)",0.18099664897669618,True
342,44,20,"(5, 5)","(0, 0);(0, 0);(0, 1);(1, 1);(1, 2);(2, 2);(3, 2);(4, 2);(4, 3);(5, 3);(5, 4);(5, 5);(5, 5);(5, 5);(5, 5);(5, 5);(5, 5);(5, 5);(5, 5);(5, 5)","(5, 5)",0.1800916657318127,True
343,50,20,"(5, 4)","(1, 0);(2, 0);(3, 0);(4, 0);(5, 0);(5, 1);(5, 2);(5, 3);(5, 4);(5, 5);(5, 5);(5, 5);(5, 5);(5, 5);(5, 5);(5, 5);(5, 5);(5, 5);(5, 5);(5, 4)","(5, 5)",0.17919120740315364,False
344,40,20,"(5, 5)","(0, 1);(0, 2);(0, 3);(1, 3);(1, 4);(2, 4);(3, 4);(4, 4);(5, 4);(5, 5);(5, 5);(5, 5);(5, 5);(5, 5);(5, 4);(5, 4);(5, 5);(5, 5);(4, 5);(5, 5)","(5, 5)",0.17829525136613786,True
345,50,20,"(5, 5)","(1, 0);(2, 0);(3, 0);(3, 1);(4, 1);(5, 1);(5, 2);(5, 3);(5, 4);(5, 5);(5, 5);(5, 5);(5, 5);(5, 5);(5, 5);(5, 5);(5, 5);(4, 5);(5, 5);(5, 5)","(4, 5)",0.17740377510930716,True
346,40,20,"(5, 4)","(0, 1);(0, 2);(1, 2);(1, 3);(2, 3);(3, 3);(3, 4);(3, 5);(3, 5);(4, 5);(5, 5);(5, 5);(5, 5);(5, 5);(5, 4);(5, 5);(5, 5);(5, 5);(5, 5);(5, 4)","(5, 5)",0.17651675623376062,False
347,45,20,"(5, 5)","(0, 1);(0, 2);(1, 2);(2, 2);(3, 2);(4, 2);(5, 2);(5, 3);(5, 4);(5, 5);(5, 5);(5, 4);(5, 4);(5, 5);(5, 5);(5, 5);(5, 5);(5, 5);(5, 5);(5, 5)","(5, 5)",0.1756341724525918,True
348,45,20,"(5, 5)","(1, 0);(2, 0);(3, 0);(4, 0);(3, 0);(3, 1);(3, 2);(4, 2);(4, 3);(5, 3);(5, 4);(5, 5);(5, 5);(5, 5);(5, 5);(5, 5);(5, 5);(5, 5);(5, 5);(5, 5)","(5, 5)",0.17475600159032884,True
349,30,20,"(5, 5)","(1, 0);(2, 0);(3, 0);(4, 0);(5, 0);(5, 1);(5, 2);(5, 3);(5, 4);(5, 5);(5, 5);(5, 5);(4, 5);(4, 4);(4, 5);(3, 5);(4, 5);(5, 5);(5, 5);(5, 5)","(5, 5)",0.17388222158237718,True
350,40,20,"(5, 5)","(1, 0);(2, 0);(3, 0);(3, 1);(3, 2);(4, 2);(4, 1);(5, 1);(5, 2);(5, 3);(5, 4);(5, 5);(5, 5);(5, 5);(5, 5);(5, 5);(5, 5);(5, 5);(5, 4);(5, 5)","(5, 5)",0.1730128104744653,True
351,0,20,"(5, 2)","(1, 0);(2, 0);(2, 0);(3, 0);(3, 1);(3, 0);(3, 1);(3, 0);(3, 1);(3, 0);(3, 1);(3, 2);(4, 2);(3, 2);(4, 2);(5, 2);(5, 3);(4, 3);(4, 2);(5, 2)","(5, 3)",0.17214774642209296,False
352,55,20,"(5, 5)","(1, 0);(2, 0);(3, 0);(3, 1);(3, 2);(3, 3);(3, 4);(3, 5);(4, 5);(5, 5);(5, 5);(5, 5);(5, 5);(5, 5);(5, 5);(5, 5);(5, 5);(5, 5);(5, 5);(5, 5)","(5, 5)",0.1712870076899825,True
353,45,20,"(5, 5)","(1, 0);(2, 0);(3, 0);(3, 1);(3, 2);(4, 2);(5, 2);(5, 1);(5, 2);(5, 3);(5, 4);(5, 5);(5, 5);(5, 5);(5, 5);(5, 5);(5, 5);(5, 5);(5, 5);(5, 5)","(5, 5)",0.17043057265153258,True
354,50,20,"(5, 5)","(1, 0);(2, 0);(2, 1);(2, 2);(2, 3);(3, 3);(4, 3);(5, 3);(5, 4);(5, 5);(5, 5);(5, 4);(5, 5);(5, 5);(5, 5);(5, 5);(5, 5);(5, 5);(5, 5);(5, 5)","(5, 5)",0.16957841978827493,True
355,35,20,"(5, 5)","(1, 0);(2, 0);(3, 0);(2, 0);(1, 0);(2, 0);(2, 1);(2, 2);(3, 2);(4, 2);(5, 2);(5, 3);(5, 4);(5, 5);(5, 5);(5, 5);(5, 5);(5, 5);(5, 5);(5, 5)","(5, 5)",0.16873052768933355,True
356,29,20,"(5, 5)","(0, 1);(0, 2);(1, 2);(1, 1);(1, 2);(2, 2);(2, 1);(2, 2);(3, 2);(4, 2);(5, 2);(5, 3);(5, 3);(5, 4);(5, 5);(5, 5);(5, 5);(5, 5);(5, 5);(5, 5)","(5, 5)",0.1678868750508869,True
357,55,20,"(5, 5)","(1, 0);(2, 0);(2, 1);(2, 2);(3, 2);(4, 2);(5, 2);(5, 3);(5, 4);(5, 5);(5, 5);(5, 5);(5, 5);(5, 5);(5, 5);(5, 5);(5, 5);(5, 5);(5, 5);(5, 5)","(5, 5)",0.16704744067563246,True
358,5,20,"(5, 5)","(1, 0);(1, 0);(2, 0);(1, 0);(2, 0);(2, 1);(2, 2);(1, 2);(2, 2);(2, 1);(2, 2);(3, 2);(4, 2);(3, 2);(4, 2);(5, 2);(5, 3);(5, 4);(5, 4);(5, 5)","(5, 5)",0.1662122034722543,True
359,34,20,"(5, 5)","(0, 1);(0, 2);(1, 2);(2, 2);(2, 1);(1, 1);(1, 2);(2, 2);(3, 2);(4, 2);(5, 2);(5, 3);(5, 4);(5, 5);(5, 5);(5, 5);(5, 5);(5, 5);(5, 5);(5, 5)","(5, 5)",0.16538114245489302,True
360,45,20,"(5, 5)","(1, 0);(2, 0);(3, 0);(3, 1);(4, 1);(5, 1);(4, 1);(5, 1);(5, 2);(5, 3);(5, 4);(5, 5);(5, 5);(5, 5);(5, 5);(5, 5);(5, 5);(5, 5);(5, 5);(5, 5)","(5, 5)",0.16455423674261854,True
361,50,20,"(5, 5)","(1, 0);(2, 0);(3, 0);(3, 1);(4, 1);(5, 1);(5, 2);(5, 3);(5, 4);(5, 5);(5, 4);(5, 5);(5, 5);(5, 5);(5, 5);(5, 5);(5, 5);(5, 5);(5, 5);(5, 5)","(5, 5)",0.16373146555890544,True
362,45,20,"(5, 5)","(1, 0);(2, 0);(3, 0);(2, 0);(3, 0);(3, 1);(4, 1);(5, 1);(5, 2);(5, 3);(5, 4);(5, 5);(5, 5);(5, 5);(5, 5);(5, 5);(5, 5);(5, 5);(5, 5);(5, 5)","(5, 5)",0.16291280823111093,True
363,35,20,"(5, 5)","(0, 0);(0, 1);(0, 2);(1, 2);(2, 2);(3, 2);(4, 2);(5, 2);(5, 3);(5, 4);(5, 3);(5, 4);(5, 5);(5, 5);(5, 5);(4, 5);(5, 5);(5, 5);(5, 5);(5, 5)","(5, 5)",0.16209824418995536,True
364,30,20,"(5, 5)","(1, 0);(2, 0);(3, 0);(3, 1);(4, 1);(3, 1);(4, 1);(5, 1);(5, 2);(5, 3);(5, 3);(5, 4);(5, 5);(5, 5);(5, 5);(5, 4);(5, 5);(5, 5);(4, 5);(5, 5)","(5, 5)",0.16128775296900558,True
365,45,20,"(5, 5)","(0, 1);(0, 2);(0, 3);(1, 3);(2, 3);(3, 3);(4, 3);(3, 3);(4, 3);(5, 3);(5, 4);(5, 5);(5, 5);(5, 5);(5, 5);(5, 5);(5, 5);(5, 5);(5, 5);(5, 5)","(5, 5)",0.16048131420416054,True
366,50,20,"(5, 5)","(1, 0);(2, 0);(2, 0);(3, 0);(3, 1);(4, 1);(5, 1);(5, 2);(5, 3);(5, 4);(5, 5);(5, 5);(5, 5);(5, 5);(5, 5);(5, 5);(5, 5);(5, 5);(5, 5);(5, 5)","(5, 5)",0.15967890763313974,True
367,55,20,"(5, 5)","(1, 0);(2, 0);(3, 0);(3, 1);(4, 1);(5, 1);(5, 2);(5, 3);(5, 4);(5, 5);(5, 5);(5, 5);(5, 5);(5, 5);(5, 5);(5, 5);(5, 5);(5, 5);(5, 5);(5, 5)","(5, 5)",0.15888051309497406,True
368,40,20,"(5, 5)","(1, 0);(2, 0);(3, 0);(3, 1);(4, 1);(5, 1);(5, 1);(5, 2);(5, 3);(5, 2);(5, 3);(5, 4);(5, 5);(5, 5);(5, 5);(5, 5);(5, 5);(5, 5);(5, 5);(5, 5)","(5, 5)",0.1580861105294992,True
369,35,20,"(5, 5)","(1, 0);(0, 0);(1, 0);(2, 0);(3, 0);(2, 0);(3, 0);(3, 1);(3, 2);(4, 2);(5, 2);(5, 3);(5, 4);(5, 5);(5, 5);(5, 5);(5, 5);(5, 5);(5, 5);(5, 5)","(5, 5)",0.1572956799768517,True
370,35,20,"(5, 5)","(1, 0);(2, 0);(3, 0);(3, 1);(4, 1);(5, 1);(5, 2);(5, 2);(5, 3);(5, 4);(5, 3);(5, 4);(5, 5);(5, 5);(5, 5);(4, 5);(5, 5);(5, 5);(5, 5);(5, 5)","(4, 5)",0.15650920157696743,True
371,55,20,"(5, 5)","(1, 0);(2, 0);(2, 1);(2, 2);(3, 2);(4, 2);(5, 2);(5, 3);(5, 4);(5, 5);(5, 5);(5, 5);(5, 5);(5, 5);(5, 5);(5, 5);(5, 5);(5, 5);(5, 5);(5, 5)","(5, 5)",0.1557266555690826,True
372,45,20,"(5, 5)","(0, 1);(0, 2);(1, 2);(2, 2);(3, 2);(4, 2);(5, 2);(5, 3);(5, 4);(5, 4);(5, 5);(5, 5);(5, 5);(5, 4);(5, 5);(5, 5);(5, 5);(5, 5);(5, 5);(5, 5)","(5, 5)",0.1549480222912372,True
373,10,20,"(5, 5)","(0, 1);(0, 2);(1, 2);(1, 3);(2, 3);(3, 3);(3, 2);(4, 2);(3, 2);(3, 1);(4, 1);(4, 0);(4, 0);(4, 1);(4, 2);(4, 3);(4, 4);(5, 4);(5, 5);(5, 5)","(5, 5)",0.15417328217978102,True
374,45,20,"(5, 5)","(0, 1);(0, 2);(1, 2);(2, 2);(2, 1);(2, 2);(2, 3);(3, 3);(4, 3);(5, 3);(5, 4);(5, 5);(5, 5);(5, 5);(5, 5);(5, 5);(5, 5);(5, 5);(5, 5);(5, 5)","(5, 5)",0.1534024157688821,True
375,35,20,"(5, 5)","(0, 1);(0, 2);(1, 2);(2, 2);(3, 2);(4, 2);(3, 2);(4, 2);(5, 2);(5, 1);(5, 2);(5, 3);(5, 4);(5, 5);(5, 5);(5, 5);(5, 5);(5, 5);(5, 5);(5, 5)","(5, 5)",0.1526354036900377,True
376,23,20,"(5, 5)","(0, 1);(0, 2);(1, 2);(1, 1);(1, 2);(1, 1);(1, 2);(2, 2);(3, 2);(3, 3);(4, 3);(5, 3);(5, 2);(5, 3);(5, 4);(5, 5);(5, 5);(5, 5);(5, 5);(5, 5)","(5, 5)",0.1518722266715875,True
377,45,20,"(5, 5)","(0, 1);(0, 2);(1, 2);(2, 2);(3, 2);(4, 2);(5, 2);(5, 3);(4, 3);(5, 3);(5, 4);(5, 5);(5, 5);(5, 5);(5, 5);(5, 5);(5, 5);(5, 5);(5, 5);(5, 5)","(4, 5)",0.15111286553822956,True
378,40,20,"(5, 5)","(1, 0);(2, 0);(3, 0);(3, 1);(3, 2);(4, 2);(5, 2);(5, 3);(5, 4);(5, 3);(5, 4);(5, 5);(5, 5);(5, 5);(5, 5);(5, 5);(5, 5);(5, 5);(5, 4);(5, 5)","(5, 5)",0.15035730121053842,True
379,50,20,"(5, 5)","(1, 0);(2, 0);(2, 1);(2, 2);(3, 2);(4, 2);(5, 2);(5, 3);(5, 4);(5, 5);(5, 5);(5, 5);(5, 5);(5, 5);(5, 5);(5, 5);(5, 5);(4, 5);(5, 5);(5, 5)","(5, 5)",0.14960551470448571,True
380,25,20,"(4, 5)","(1, 0);(2, 0);(2, 0);(2, 1);(2, 2);(3, 2);(2, 2);(3, 2);(4, 2);(5, 2);(5, 3);(5, 4);(4, 4);(5, 4);(5, 5);(5, 5);(5, 5);(5, 5);(5, 5);(4, 5)","(5, 5)",0.14885748713096328,False
381,40,20,"(5, 5)","(0, 1);(0, 2);(1, 2);(2, 2);(2, 3);(3, 3);(4, 3);(5, 3);(5, 4);(5, 5);(5, 5);(5, 5);(5, 5);(5, 4);(5, 3);(5, 4);(5, 5);(5, 5);(5, 5);(5, 5)","(5, 5)",0.14811319969530845,True
382,40,20,"(5, 5)","(1, 0);(2, 0);(2, 1);(2, 2);(2, 3);(2, 4);(2, 5);(2, 5);(3, 5);(4, 5);(5, 5);(4, 5);(4, 5);(5, 5);(5, 5);(5, 5);(5, 5);(5, 5);(5, 5);(5, 5)","(5, 5)",0.1473726336968319,True
383,50,20,"(5, 5)","(1, 0);(2, 0);(3, 0);(4, 0);(5, 0);(5, 1);(5, 2);(5, 3);(5, 4);(5, 5);(4, 5);(5, 5);(5, 5);(5, 5);(5, 5);(5, 5);(5, 5);(5, 5);(5, 5);(5, 5)","(5, 5)",0.14663577052834775,True
384,40,20,"(5, 5)","(0, 1);(0, 2);(1, 2);(2, 2);(1, 2);(2, 2);(3, 2);(3, 3);(4, 3);(5, 3);(5, 4);(5, 4);(5, 5);(5, 5);(5, 5);(5, 5);(5, 5);(5, 5);(5, 5);(5, 5)","(5, 5)",0.14590259167570602,True
385,45,20,"(5, 5)","(1, 0);(2, 0);(3, 0);(3, 1);(4, 1);(5, 1);(5, 2);(5, 3);(5, 4);(5, 5);(5, 5);(4, 5);(5, 5);(5, 5);(5, 4);(5, 5);(5, 5);(5, 5);(5, 5);(5, 5)","(5, 5)",0.1451730787173275,True
386,40,20,"(4, 5)","(1, 0);(2, 0);(3, 0);(3, 1);(3, 2);(3, 1);(3, 2);(3, 3);(4, 3);(4, 4);(5, 4);(5, 5);(5, 5);(5, 5);(5, 5);(5, 5);(5, 5);(5, 5);(5, 5);(4, 5)","(5, 5)",0.14444721332374086,False
387,55,20,"(5, 5)","(1, 0);(2, 0);(2, 1);(2, 2);(2, 3);(3, 3);(4, 3);(5, 3);(5, 4);(5, 5);(5, 5);(5, 5);(5, 5);(5, 5);(5, 5);(5, 5);(5, 5);(5, 5);(5, 5);(5, 5)","(5, 5)",0.14372497725712216,True
388,55,20,"(5, 5)","(1, 0);(2, 0);(2, 1);(2, 2);(3, 2);(3, 3);(4, 3);(5, 3);(5, 4);(5, 5);(5, 5);(5, 5);(5, 5);(5, 5);(5, 5);(5, 5);(5, 5);(5, 5);(5, 5);(5, 5)","(5, 5)",0.14300635237083656,True
389,35,20,"(5, 5)","(0, 1);(0, 2);(0, 2);(1, 2);(2, 2);(3, 2);(4, 2);(5, 2);(5, 3);(5, 4);(5, 4);(4, 4);(5, 4);(5, 5);(5, 5);(5, 5);(5, 5);(5, 5);(5, 5);(5, 5)","(5, 5)",0.14229132060898236,True
390,45,20,"(5, 5)","(1, 0);(2, 0);(3, 0);(3, 1);(4, 1);(5, 1);(5, 2);(5, 3);(5, 4);(5, 3);(5, 4);(5, 5);(5, 5);(5, 5);(5, 5);(5, 5);(5, 5);(5, 5);(5, 5);(5, 5)","(5, 5)",0.14157986400593744,True
391,40,20,"(5, 5)","(1, 0);(2, 0);(3, 0);(3, 1);(3, 2);(2, 2);(3, 2);(4, 2);(5, 2);(5, 3);(5, 4);(5, 5);(5, 5);(5, 5);(5, 5);(5, 5);(5, 4);(5, 5);(5, 5);(5, 5)","(5, 5)",0.14087196468590776,True
392,25,20,"(5, 5)","(1, 0);(2, 0);(3, 0);(4, 0);(4, 1);(3, 1);(4, 1);(5, 1);(5, 2);(4, 2);(4, 3);(4, 4);(4, 3);(4, 4);(5, 4);(5, 5);(5, 5);(5, 5);(5, 5);(5, 5)","(5, 5)",0.14016760486247823,True
393,40,20,"(5, 5)","(1, 0);(2, 0);(3, 0);(4, 0);(5, 0);(5, 1);(5, 2);(5, 3);(5, 4);(5, 3);(5, 4);(5, 5);(5, 5);(5, 5);(4, 5);(5, 5);(5, 5);(5, 5);(5, 5);(5, 5)","(5, 5)",0.13946676683816583,True
394,55,20,"(5, 5)","(1, 0);(2, 0);(3, 0);(3, 1);(3, 2);(3, 3);(3, 4);(3, 5);(4, 5);(5, 5);(5, 5);(5, 5);(5, 5);(5, 5);(5, 5);(5, 5);(5, 5);(5, 5);(5, 5);(5, 5)","(5, 5)",0.138769433003975,True
395,50,20,"(5, 5)","(0, 1);(0, 2);(1, 2);(2, 2);(3, 2);(4, 2);(5, 2);(5, 3);(5, 4);(5, 5);(5, 5);(4, 5);(5, 5);(5, 5);(5, 5);(5, 5);(5, 5);(5, 5);(5, 5);(5, 5)","(5, 5)",0.13807558583895513,True
396,40,20,"(5, 5)","(0, 0);(1, 0);(2, 0);(3, 0);(3, 1);(4, 1);(5, 1);(5, 2);(5, 1);(5, 2);(5, 3);(5, 4);(5, 5);(5, 5);(5, 5);(5, 5);(5, 5);(5, 5);(5, 5);(5, 5)","(5, 5)",0.13738520790976036,True
397,45,20,"(5, 5)","(1, 0);(2, 0);(3, 0);(3, 0);(3, 1);(4, 1);(5, 1);(5, 2);(5, 3);(5, 4);(5, 5);(5, 5);(5, 5);(5, 5);(5, 5);(5, 4);(5, 5);(5, 5);(5, 5);(5, 5)","(5, 5)",0.13669828187021155,True
398,50,20,"(5, 5)","(1, 0);(2, 0);(3, 0);(3, 1);(3, 2);(3, 3);(4, 3);(5, 3);(5, 4);(5, 4);(5, 5);(5, 5);(5, 5);(5, 5);(5, 5);(5, 5);(5, 5);(5, 5);(5, 5);(5, 5)","(5, 5)",0.13601479046086049,True
399,55,20,"(5, 5)","(1, 0);(2, 0);(2, 1);(2, 2);(3, 2);(4, 2);(5, 2);(5, 3);(5, 4);(5, 5);(5, 5);(5, 5);(5, 5);(5, 5);(5, 5);(5, 5);(5, 5);(5, 5);(5, 5);(5, 5)","(5, 5)",0.1353347165085562,True
400,55,20,"(5, 5)","(1, 0);(2, 0);(3, 0);(3, 1);(3, 2);(4, 2);(5, 2);(5, 3);(5, 4);(5, 5);(5, 5);(5, 5);(5, 5);(5, 5);(5, 5);(5, 5);(5, 5);(5, 5);(5, 5);(5, 5)","(5, 5)",0.1346580429260134,True
401,55,20,"(5, 5)","(1, 0);(2, 0);(3, 0);(3, 1);(4, 1);(4, 2);(5, 2);(5, 3);(5, 4);(5, 5);(5, 5);(5, 5);(5, 5);(5, 5);(5, 5);(5, 5);(5, 5);(5, 5);(5, 5);(5, 5)","(5, 5)",0.13398475271138335,True
402,45,20,"(5, 5)","(0, 1);(0, 2);(1, 2);(2, 2);(2, 3);(2, 4);(2, 5);(3, 5);(4, 5);(4, 5);(5, 5);(5, 5);(5, 5);(5, 4);(5, 5);(5, 5);(5, 5);(5, 5);(5, 5);(5, 5)","(5, 5)",0.13331482894782642,True
403,50,20,"(5, 5)","(0, 1);(0, 2);(1, 2);(2, 2);(3, 2);(4, 2);(5, 2);(5, 2);(5, 3);(5, 4);(5, 5);(5, 5);(5, 5);(5, 5);(5, 5);(5, 5);(5, 5);(5, 5);(5, 5);(5, 5)","(5, 5)",0.13264825480308728,True
404,55,20,"(5, 5)","(0, 1);(0, 2);(1, 2);(2, 2);(3, 2);(4, 2);(4, 3);(5, 3);(5, 4);(5, 5);(5, 5);(5, 5);(5, 5);(5, 5);(5, 5);(5, 5);(5, 5);(5, 5);(5, 5);(5, 5)","(5, 5)",0.13198501352907185,True
405,50,20,"(5, 5)","(0, 0);(0, 1);(0, 2);(1, 2);(2, 2);(2, 3);(2, 4);(3, 4);(4, 4);(5, 4);(5, 5);(5, 5);(5, 5);(5, 5);(5, 5);(5, 5);(5, 5);(5, 5);(5, 5);(5, 5)","(5, 5)",0.1313250884614265,True
406,50,20,"(5, 5)","(0, 1);(0, 2);(1, 2);(2, 2);(3, 2);(3, 3);(4, 3);(5, 3);(5, 4);(5, 5);(5, 5);(5, 5);(5, 5);(5, 5);(5, 5);(4, 5);(5, 5);(5, 5);(5, 5);(5, 5)","(5, 5)",0.13066846301911936,True
407,55,20,"(5, 5)","(0, 1);(0, 2);(1, 2);(2, 2);(3, 2);(4, 2);(4, 3);(5, 3);(5, 4);(5, 5);(5, 5);(5, 5);(5, 5);(5, 5);(5, 5);(5, 5);(5, 5);(5, 5);(5, 5);(5, 5)","(5, 4)",0.13001512070402377,True
408,50,20,"(5, 5)","(0, 0);(0, 1);(0, 2);(1, 2);(2, 2);(2, 3);(3, 3);(4, 3);(5, 3);(5, 4);(5, 5);(5, 5);(5, 5);(5, 5);(5, 5);(5, 5);(5, 5);(5, 5);(5, 5);(5, 5)","(5, 5)",0.12936504510050365,True
409,55,20,"(5, 5)","(0, 1);(0, 2);(1, 2);(2, 2);(3, 2);(4, 2);(5, 2);(5, 3);(5, 4);(5, 5);(5, 5);(5, 5);(5, 5);(5, 5);(5, 5);(5, 5);(5, 5);(5, 5);(5, 5);(5, 5)","(5, 5)",0.12871821987500112,True
410,50,20,"(5, 5)","(0, 1);(0, 2);(1, 2);(2, 2);(3, 2);(4, 2);(4, 3);(5, 3);(5, 4);(5, 5);(5, 5);(5, 5);(5, 5);(4, 5);(5, 5);(5, 5);(5, 5);(5, 5);(5, 5);(5, 5)","(5, 5)",0.12807462877562611,True
411,50,20,"(5, 5)","(0, 1);(0, 2);(1, 2);(2, 2);(3, 2);(4, 2);(5, 2);(5, 3);(5, 4);(5, 5);(5, 5);(5, 5);(5, 5);(5, 5);(5, 5);(5, 5);(5, 5);(5, 5);(4, 5);(5, 5)","(5, 5)",0.12743425563174798,True
412,44,20,"(5, 5)","(1, 0);(1, 0);(1, 1);(2, 1);(2, 2);(2, 3);(2, 4);(2, 5);(3, 5);(4, 5);(5, 5);(5, 5);(5, 5);(5, 5);(5, 5);(5, 5);(5, 5);(5, 4);(5, 5);(5, 5)","(5, 5)",0.12679708435358925,True
413,30,20,"(5, 5)","(0, 0);(1, 0);(0, 0);(0, 1);(0, 2);(0, 3);(0, 4);(1, 4);(1, 5);(1, 4);(2, 4);(3, 4);(4, 4);(5, 4);(5, 5);(5, 5);(5, 5);(5, 5);(5, 5);(5, 5)","(5, 5)",0.1261630989318213,True
414,40,20,"(5, 5)","(1, 0);(2, 0);(3, 0);(4, 0);(5, 0);(5, 1);(5, 2);(5, 3);(5, 4);(5, 4);(5, 3);(5, 4);(5, 5);(5, 5);(5, 5);(5, 5);(5, 5);(5, 5);(5, 5);(5, 5)","(5, 5)",0.1255322834371622,True
415,55,20,"(5, 5)","(0, 1);(0, 2);(1, 2);(2, 2);(3, 2);(4, 2);(5, 2);(5, 3);(5, 4);(5, 5);(5, 5);(5, 5);(5, 5);(5, 5);(5, 5);(5, 5);(5, 5);(5, 5);(5, 5);(5, 5)","(5, 5)",0.12490462201997637,True
416,50,20,"(5, 5)","(0, 1);(0, 2);(1, 2);(2, 2);(3, 2);(4, 2);(5, 2);(5, 2);(5, 3);(5, 4);(5, 5);(5, 5);(5, 5);(5, 5);(5, 5);(5, 5);(5, 5);(5, 5);(5, 5);(5, 5)","(5, 5)",0.1242800989098765,True
417,25,20,"(5, 5)","(0, 1);(0, 2);(1, 2);(2, 2);(2, 1);(2, 2);(1, 2);(2, 2);(1, 2);(2, 2);(3, 2);(4, 2);(5, 2);(5, 3);(5, 4);(5, 5);(5, 5);(5, 5);(5, 5);(5, 5)","(5, 5)",0.12365869841532712,True
418,50,20,"(5, 5)","(0, 1);(0, 2);(1, 2);(1, 3);(2, 3);(3, 3);(3, 4);(4, 4);(5, 4);(5, 5);(4, 5);(5, 5);(5, 5);(5, 5);(5, 5);(5, 5);(5, 5);(5, 5);(5, 5);(5, 5)","(5, 5)",0.12304040492325048,True
419,55,20,"(5, 5)","(0, 1);(0, 2);(1, 2);(2, 2);(3, 2);(4, 2);(5, 2);(5, 3);(5, 4);(5, 5);(5, 5);(5, 5);(5, 5);(5, 5);(5, 5);(5, 5);(5, 5);(5, 5);(5, 5);(5, 5)","(5, 5)",0.12242520289863423,True
420,50,20,"(5, 5)","(0, 1);(0, 2);(1, 2);(2, 2);(3, 2);(4, 2);(5, 2);(5, 3);(5, 4);(5, 5);(5, 5);(5, 5);(5, 5);(5, 5);(5, 5);(5, 5);(5, 5);(4, 5);(5, 5);(5, 5)","(5, 5)",0.12181307688414106,True
421,30,20,"(5, 5)","(0, 1);(0, 2);(1, 2);(2, 2);(3, 2);(4, 2);(5, 2);(5, 3);(5, 4);(4, 4);(5, 4);(5, 5);(5, 5);(5, 5);(4, 5);(3, 5);(4, 5);(5, 5);(5, 5);(5, 5)","(5, 5)",0.12120401149972035,True
422,50,20,"(5, 5)","(0, 1);(0, 2);(1, 2);(2, 2);(3, 2);(3, 3);(4, 3);(5, 3);(5, 4);(5, 5);(5, 5);(4, 5);(5, 5);(5, 5);(5, 5);(5, 5);(5, 5);(5, 5);(5, 5);(5, 5)","(5, 5)",0.12059799144222175,True
423,55,20,"(5, 5)","(1, 0);(2, 0);(3, 0);(3, 1);(4, 1);(4, 2);(5, 2);(5, 3);(5, 4);(5, 5);(5, 5);(5, 5);(5, 5);(5, 5);(5, 5);(5, 5);(5, 5);(5, 5);(5, 5);(5, 5)","(5, 5)",0.11999500148501063,True
424,50,20,"(5, 5)","(0, 0);(0, 1);(0, 2);(1, 2);(2, 2);(3, 2);(4, 2);(5, 2);(5, 3);(5, 4);(5, 5);(5, 5);(5, 5);(5, 5);(5, 5);(5, 5);(5, 5);(5, 5);(5, 5);(5, 5)","(5, 5)",0.11939502647758558,True
425,45,20,"(5, 5)","(0, 1);(0, 2);(1, 2);(2, 2);(3, 2);(4, 2);(4, 3);(4, 4);(5, 4);(5, 5);(5, 5);(5, 5);(5, 5);(5, 5);(5, 5);(5, 5);(5, 5);(5, 4);(5, 4);(5, 5)","(5, 5)",0.11879805134519765,True
426,45,20,"(5, 5)","(0, 1);(0, 2);(1, 2);(2, 2);(3, 2);(4, 2);(3, 2);(4, 2);(5, 2);(5, 3);(5, 4);(5, 5);(5, 5);(5, 5);(5, 5);(5, 5);(5, 5);(5, 5);(5, 5);(5, 5)","(5, 5)",0.11820406108847166,True
427,50,20,"(5, 5)","(1, 0);(2, 0);(2, 1);(2, 2);(3, 2);(4, 2);(5, 2);(5, 3);(5, 4);(5, 5);(5, 5);(5, 5);(5, 5);(5, 5);(5, 5);(5, 5);(4, 5);(5, 5);(5, 5);(5, 5)","(5, 5)",0.1176130407830293,True
428,45,20,"(5, 5)","(0, 1);(0, 2);(1, 2);(2, 2);(3, 2);(4, 2);(4, 1);(5, 1);(5, 2);(5, 3);(5, 4);(5, 5);(5, 5);(5, 5);(5, 5);(5, 5);(5, 5);(5, 5);(5, 5);(5, 5)","(5, 5)",0.11702497557911415,True
429,50,20,"(5, 5)","(0, 1);(0, 2);(1, 2);(2, 2);(3, 2);(4, 2);(5, 2);(5, 3);(5, 4);(5, 5);(5, 5);(5, 5);(5, 5);(5, 5);(5, 5);(5, 4);(5, 5);(5, 5);(5, 5);(5, 5)","(5, 5)",0.11643985070121858,True
430,44,20,"(5, 5)","(0, 1);(0, 2);(1, 2);(1, 1);(1, 2);(2, 2);(3, 2);(4, 2);(5, 2);(5, 3);(5, 4);(5, 5);(5, 5);(5, 5);(5, 5);(5, 5);(5, 5);(5, 5);(5, 5);(5, 5)","(5, 5)",0.11585765144771248,True
431,55,20,"(5, 5)","(1, 0);(2, 0);(2, 1);(2, 2);(3, 2);(4, 2);(5, 2);(5, 3);(5, 4);(5, 5);(5, 5);(5, 5);(5, 5);(5, 5);(5, 5);(5, 5);(5, 5);(5, 5);(5, 5);(5, 5)","(5, 5)",0.11527836319047392,True
432,50,20,"(5, 5)","(1, 0);(2, 0);(2, 1);(2, 2);(2, 3);(3, 3);(3, 4);(3, 5);(4, 5);(5, 5);(5, 5);(5, 5);(5, 5);(5, 5);(5, 5);(5, 4);(5, 5);(5, 5);(5, 5);(5, 5)","(5, 5)",0.11470197137452155,True
433,50,20,"(5, 5)","(1, 0);(2, 0);(3, 0);(4, 0);(5, 0);(5, 1);(5, 2);(5, 3);(5, 4);(5, 5);(5, 5);(5, 5);(5, 5);(5, 5);(5, 5);(5, 5);(5, 5);(5, 4);(5, 5);(5, 5)","(5, 5)",0.11412846151764894,True
434,50,20,"(5, 5)","(0, 1);(0, 2);(1, 2);(2, 2);(3, 2);(4, 2);(4, 3);(5, 3);(5, 4);(5, 5);(5, 5);(5, 5);(5, 5);(5, 4);(5, 5);(5, 5);(5, 5);(5, 5);(5, 5);(5, 5)","(5, 5)",0.1135578192100607,True
435,55,20,"(5, 5)","(0, 1);(0, 2);(1, 2);(1, 3);(2, 3);(3, 3);(4, 3);(5, 3);(5, 4);(5, 5);(5, 5);(5, 5);(5, 5);(5, 5);(5, 5);(5, 5);(5, 5);(5, 5);(5, 5);(5, 5)","(5, 5)",0.11299003011401039,True
436,45,20,"(3, 5)","(1, 0);(2, 0);(2, 1);(2, 2);(2, 3);(2, 4);(2, 5);(3, 5);(4, 5);(5, 5);(5, 5);(5, 5);(5, 5);(5, 5);(5, 5);(5, 5);(5, 5);(5, 5);(4, 5);(3, 5)","(4, 5)",0.11242507996344034,False
437,55,20,"(5, 5)","(1, 0);(2, 0);(2, 1);(2, 2);(3, 2);(4, 2);(5, 2);(5, 3);(5, 4);(5, 5);(5, 5);(5, 5);(5, 5);(5, 5);(5, 5);(5, 5);(5, 5);(5, 5);(5, 5);(5, 5)","(5, 5)",0.11186295456362313,True
438,30,20,"(4, 5)","(0, 1);(0, 2);(1, 2);(2, 2);(3, 2);(4, 2);(5, 2);(5, 1);(5, 2);(5, 1);(5, 2);(5, 3);(5, 4);(5, 5);(5, 5);(5, 5);(5, 5);(5, 5);(5, 5);(4, 5)","(5, 5)",0.11130363979080501,False
439,40,20,"(5, 5)","(0, 1);(0, 2);(1, 2);(2, 2);(3, 2);(4, 2);(5, 2);(5, 1);(5, 2);(5, 3);(5, 4);(5, 5);(5, 5);(5, 5);(5, 4);(5, 5);(5, 5);(5, 5);(5, 5);(5, 5)","(5, 5)",0.11074712159185099,True
440,50,20,"(5, 5)","(0, 1);(0, 2);(1, 2);(1, 3);(2, 3);(3, 3);(4, 3);(5, 3);(5, 4);(5, 5);(5, 5);(5, 5);(5, 5);(4, 5);(5, 5);(5, 5);(5, 5);(5, 5);(5, 5);(5, 5)","(5, 5)",0.11019338598389174,True
441,55,20,"(5, 5)","(0, 1);(0, 2);(1, 2);(2, 2);(3, 2);(4, 2);(5, 2);(5, 3);(5, 4);(5, 5);(5, 5);(5, 5);(5, 5);(5, 5);(5, 5);(5, 5);(5, 5);(5, 5);(5, 5);(5, 5)","(5, 5)",0.10964241905397228,True
442,35,20,"(5, 5)","(0, 1);(0, 2);(0, 1);(0, 2);(0, 3);(0, 4);(0, 5);(1, 5);(2, 5);(1, 5);(2, 5);(3, 5);(4, 5);(5, 5);(5, 5);(5, 5);(5, 5);(5, 5);(5, 5);(5, 5)","(5, 5)",0.10909420695870241,True
443,34,20,"(5, 5)","(1, 0);(1, 1);(2, 1);(3, 1);(4, 1);(5, 1);(5, 2);(4, 2);(4, 3);(5, 3);(5, 4);(5, 5);(5, 5);(4, 5);(5, 5);(4, 5);(5, 5);(5, 5);(5, 5);(5, 5)","(5, 5)",0.1085487359239089,True
444,55,20,"(5, 5)","(0, 1);(0, 2);(1, 2);(2, 2);(3, 2);(4, 2);(5, 2);(5, 3);(5, 4);(5, 5);(5, 5);(5, 5);(5, 5);(5, 5);(5, 5);(5, 5);(5, 5);(5, 5);(5, 5);(5, 5)","(5, 5)",0.10800599224428936,True
445,45,20,"(5, 5)","(1, 0);(2, 0);(3, 0);(3, 1);(4, 1);(4, 2);(4, 3);(3, 3);(3, 4);(3, 5);(4, 5);(5, 5);(5, 5);(5, 5);(5, 5);(5, 5);(5, 5);(5, 5);(5, 5);(5, 5)","(5, 5)",0.10746596228306791,True
446,50,20,"(5, 5)","(0, 0);(0, 1);(0, 2);(1, 2);(2, 2);(3, 2);(4, 2);(5, 2);(5, 3);(5, 4);(5, 5);(5, 5);(5, 5);(5, 5);(5, 5);(5, 5);(5, 5);(5, 5);(5, 5);(5, 5)","(5, 5)",0.10692863247165257,True
447,45,20,"(5, 5)","(0, 1);(0, 2);(1, 2);(2, 2);(2, 1);(2, 2);(3, 2);(4, 2);(4, 3);(5, 3);(5, 4);(5, 5);(5, 5);(5, 5);(5, 5);(5, 5);(5, 5);(5, 5);(5, 5);(5, 5)","(5, 5)",0.1063939893092943,True
448,45,20,"(5, 5)","(0, 1);(0, 2);(1, 2);(2, 2);(3, 2);(4, 2);(5, 2);(4, 2);(5, 2);(5, 3);(5, 4);(5, 5);(5, 5);(5, 5);(5, 5);(5, 5);(5, 5);(5, 5);(5, 5);(5, 5)","(5, 5)",0.10586201936274783,True
449,55,20,"(5, 5)","(0, 1);(0, 2);(1, 2);(2, 2);(3, 2);(4, 2);(5, 2);(5, 3);(5, 4);(5, 5);(5, 5);(5, 5);(5, 5);(5, 5);(5, 5);(5, 5);(5, 5);(5, 5);(5, 5);(5, 5)","(5, 5)",0.10533270926593409,True
450,55,20,"(5, 5)","(0, 1);(0, 2);(1, 2);(2, 2);(3, 2);(4, 2);(5, 2);(5, 3);(5, 4);(5, 5);(5, 5);(5, 5);(5, 5);(5, 5);(5, 5);(5, 5);(5, 5);(5, 5);(5, 5);(5, 5)","(5, 5)",0.10480604571960442,True
451,45,20,"(5, 5)","(1, 0);(2, 0);(3, 0);(3, 1);(4, 1);(3, 1);(4, 1);(5, 1);(5, 2);(5, 3);(5, 4);(5, 5);(5, 5);(5, 5);(5, 5);(5, 5);(5, 5);(5, 5);(5, 5);(5, 5)","(5, 5)",0.1042820154910064,True
452,45,20,"(5, 5)","(0, 1);(0, 2);(0, 3);(0, 2);(1, 2);(2, 2);(3, 2);(4, 2);(4, 3);(4, 4);(5, 4);(5, 5);(5, 5);(5, 5);(5, 5);(5, 5);(5, 5);(5, 5);(5, 5);(5, 5)","(5, 5)",0.10376060541355137,True
453,55,20,"(5, 5)","(0, 1);(0, 2);(0, 3);(0, 4);(0, 5);(1, 5);(2, 5);(3, 5);(4, 5);(5, 5);(5, 5);(5, 5);(5, 5);(5, 5);(5, 5);(5, 5);(5, 5);(5, 5);(5, 5);(5, 5)","(5, 5)",0.1032418023864836,True
454,55,20,"(5, 5)","(1, 0);(2, 0);(3, 0);(3, 1);(4, 1);(5, 1);(5, 2);(5, 3);(5, 4);(5, 5);(5, 5);(5, 5);(5, 5);(5, 5);(5, 5);(5, 5);(5, 5);(5, 5);(5, 5);(5, 5)","(5, 5)",0.10272559337455119,True
455,50,20,"(5, 5)","(0, 1);(0, 2);(1, 2);(2, 2);(3, 2);(4, 2);(5, 2);(5, 3);(5, 4);(5, 5);(5, 5);(5, 5);(5, 5);(5, 5);(5, 5);(5, 5);(5, 5);(4, 5);(5, 5);(5, 5)","(5, 5)",0.10221196540767843,True
456,55,20,"(5, 5)","(0, 1);(0, 2);(1, 2);(2, 2);(2, 3);(3, 3);(4, 3);(5, 3);(5, 4);(5, 5);(5, 5);(5, 5);(5, 5);(5, 5);(5, 5);(5, 5);(5, 5);(5, 5);(5, 5);(5, 5)","(5, 5)",0.10170090558064004,True
457,40,20,"(5, 5)","(0, 1);(0, 2);(1, 2);(2, 2);(3, 2);(4, 2);(5, 2);(5, 1);(5, 2);(5, 3);(5, 4);(5, 5);(5, 5);(5, 5);(5, 5);(5, 5);(5, 5);(5, 5);(5, 4);(5, 5)","(5, 5)",0.10119240105273684,True
458,55,20,"(5, 5)","(0, 1);(0, 2);(1, 2);(2, 2);(3, 2);(4, 2);(5, 2);(5, 3);(5, 4);(5, 5);(5, 5);(5, 5);(5, 5);(5, 5);(5, 5);(5, 5);(5, 5);(5, 5);(5, 5);(5, 5)","(5, 5)",0.10068643904747315,True
459,30,20,"(5, 5)","(0, 1);(0, 2);(1, 2);(2, 2);(3, 2);(4, 2);(3, 2);(3, 3);(4, 3);(5, 3);(5, 4);(5, 5);(5, 5);(5, 5);(5, 5);(5, 5);(5, 4);(5, 3);(5, 4);(5, 5)","(5, 5)",0.10018300685223579,True
460,55,20,"(5, 5)","(0, 1);(0, 2);(1, 2);(2, 2);(3, 2);(4, 2);(5, 2);(5, 3);(5, 4);(5, 5);(5, 5);(5, 5);(5, 5);(5, 5);(5, 5);(5, 5);(5, 5);(5, 5);(5, 5);(5, 5)","(5, 5)",0.0996820918179746,True
461,55,20,"(5, 5)","(0, 1);(0, 2);(1, 2);(2, 2);(3, 2);(4, 2);(5, 2);(5, 3);(5, 4);(5, 5);(5, 5);(5, 5);(5, 5);(5, 5);(5, 5);(5, 5);(5, 5);(5, 5);(5, 5);(5, 5)","(5, 5)",0.09918368135888474,True
462,55,20,"(5, 5)","(0, 1);(0, 2);(1, 2);(2, 2);(3, 2);(4, 2);(5, 2);(5, 3);(5, 4);(5, 5);(5, 5);(5, 5);(5, 5);(5, 5);(5, 5);(5, 5);(5, 5);(5, 5);(5, 5);(5, 5)","(5, 5)",0.09868776295209031,True
463,55,20,"(5, 5)","(1, 0);(2, 0);(3, 0);(3, 1);(4, 1);(4, 2);(4, 3);(4, 4);(4, 5);(5, 5);(5, 5);(5, 5);(5, 5);(5, 5);(5, 5);(5, 5);(5, 5);(5, 5);(5, 5);(5, 5)","(5, 5)",0.09819432413732986,True
464,35,20,"(5, 5)","(0, 1);(0, 2);(1, 2);(2, 2);(3, 2);(3, 1);(4, 1);(5, 1);(4, 1);(4, 2);(4, 3);(5, 3);(5, 4);(5, 5);(5, 5);(5, 5);(5, 5);(5, 5);(5, 5);(5, 5)","(5, 5)",0.09770335251664321,True
465,50,20,"(4, 5)","(0, 1);(0, 2);(1, 2);(2, 2);(3, 2);(4, 2);(5, 2);(5, 3);(5, 4);(5, 5);(5, 5);(5, 5);(5, 5);(5, 5);(5, 5);(5, 5);(5, 5);(5, 5);(5, 5);(4, 5)","(5, 5)",0.09721483575406,False
466,40,20,"(5, 5)","(1, 0);(1, 0);(0, 0);(1, 0);(2, 0);(3, 0);(4, 0);(5, 0);(5, 1);(5, 2);(5, 3);(5, 4);(5, 5);(5, 5);(5, 5);(5, 5);(5, 5);(5, 5);(5, 5);(5, 5)","(5, 5)",0.09672876157528969,True
467,50,20,"(5, 5)","(0, 1);(0, 2);(1, 2);(2, 2);(3, 2);(4, 2);(5, 2);(5, 2);(5, 3);(5, 4);(5, 5);(5, 5);(5, 5);(5, 5);(5, 5);(5, 5);(5, 5);(5, 5);(5, 5);(5, 5)","(5, 5)",0.09624511776741324,True
468,45,20,"(5, 5)","(0, 1);(0, 2);(1, 2);(2, 2);(3, 2);(4, 2);(5, 2);(4, 2);(4, 3);(5, 3);(5, 4);(5, 5);(5, 5);(5, 5);(5, 5);(5, 5);(5, 5);(5, 5);(5, 5);(5, 5)","(5, 5)",0.09576389217857617,True
469,45,20,"(5, 5)","(0, 1);(0, 2);(1, 2);(2, 2);(3, 2);(4, 2);(5, 2);(5, 3);(4, 3);(5, 3);(5, 4);(5, 5);(5, 5);(5, 5);(5, 5);(5, 5);(5, 5);(5, 5);(5, 5);(5, 5)","(5, 5)",0.09528507271768329,True
470,55,20,"(5, 5)","(0, 1);(0, 2);(1, 2);(2, 2);(3, 2);(4, 2);(5, 2);(5, 3);(5, 4);(5, 5);(5, 5);(5, 5);(5, 5);(5, 5);(5, 5);(5, 5);(5, 5);(5, 5);(5, 5);(5, 5)","(5, 5)",0.09480864735409487,True
471,40,20,"(5, 5)","(0, 1);(0, 2);(1, 2);(2, 2);(3, 2);(4, 2);(5, 2);(5, 1);(5, 2);(5, 3);(5, 4);(5, 4);(5, 5);(5, 5);(5, 5);(5, 5);(5, 5);(5, 5);(5, 5);(5, 5)","(5, 5)",0.0943346041173244,True
472,45,20,"(5, 5)","(0, 1);(0, 2);(1, 2);(2, 2);(3, 2);(4, 2);(5, 2);(5, 3);(5, 4);(5, 3);(5, 4);(5, 5);(5, 5);(5, 5);(5, 5);(5, 5);(5, 5);(5, 5);(5, 5);(5, 5)","(5, 5)",0.09386293109673778,True
473,55,20,"(5, 5)","(1, 0);(2, 0);(3, 0);(3, 1);(4, 1);(5, 1);(5, 2);(5, 3);(5, 4);(5, 5);(5, 5);(5, 5);(5, 5);(5, 5);(5, 5);(5, 5);(5, 5);(5, 5);(5, 5);(5, 5)","(5, 5)",0.09339361644125409,True
474,45,20,"(5, 5)","(0, 1);(0, 2);(1, 2);(2, 2);(2, 1);(2, 2);(3, 2);(4, 2);(5, 2);(5, 3);(5, 4);(5, 5);(5, 5);(5, 5);(5, 5);(5, 5);(5, 5);(5, 5);(5, 5);(5, 5)","(5, 5)",0.09292664835904782,True
475,55,20,"(5, 5)","(0, 1);(0, 2);(1, 2);(2, 2);(3, 2);(4, 2);(5, 2);(5, 3);(5, 4);(5, 5);(5, 5);(5, 5);(5, 5);(5, 5);(5, 5);(5, 5);(5, 5);(5, 5);(5, 5);(5, 5)","(5, 5)",0.09246201511725258,True
476,55,20,"(5, 5)","(0, 1);(0, 2);(0, 3);(1, 3);(2, 3);(3, 3);(4, 3);(5, 3);(5, 4);(5, 5);(5, 5);(5, 5);(5, 5);(5, 5);(5, 5);(5, 5);(5, 5);(5, 5);(5, 5);(5, 5)","(5, 5)",0.09199970504166631,True
477,50,20,"(5, 5)","(1, 0);(2, 0);(2, 1);(2, 2);(3, 2);(4, 2);(5, 2);(5, 3);(5, 4);(5, 5);(4, 5);(5, 5);(5, 5);(5, 5);(5, 5);(5, 5);(5, 5);(5, 5);(5, 5);(5, 5)","(5, 5)",0.09153970651645797,True
478,50,20,"(5, 5)","(0, 1);(0, 2);(1, 2);(2, 2);(3, 2);(4, 2);(5, 2);(5, 3);(5, 4);(5, 5);(5, 5);(5, 5);(5, 5);(5, 5);(4, 5);(5, 5);(5, 5);(5, 5);(5, 5);(5, 5)","(5, 5)",0.09108200798387568,True
479,50,20,"(5, 5)","(1, 0);(2, 0);(2, 1);(3, 1);(4, 1);(4, 2);(5, 2);(5, 3);(5, 4);(5, 5);(5, 5);(5, 5);(5, 5);(4, 5);(5, 5);(5, 5);(5, 5);(5, 5);(5, 5);(5, 5)","(5, 5)",0.0906265979439563,True
480,50,20,"(5, 5)","(1, 0);(2, 0);(2, 1);(2, 2);(3, 2);(4, 2);(5, 2);(5, 3);(5, 4);(5, 5);(5, 5);(5, 5);(4, 5);(5, 5);(5, 5);(5, 5);(5, 5);(5, 5);(5, 5);(5, 5)","(5, 5)",0.09017346495423652,True
481,50,20,"(5, 5)","(1, 0);(2, 0);(2, 1);(2, 2);(3, 2);(4, 2);(5, 2);(5, 3);(5, 4);(5, 5);(5, 5);(5, 5);(5, 4);(5, 5);(5, 5);(5, 5);(5, 5);(5, 5);(5, 5);(5, 5)","(5, 5)",0.08972259762946533,True
482,45,20,"(5, 5)","(1, 0);(2, 0);(2, 1);(2, 2);(2, 3);(2, 4);(2, 5);(3, 5);(2, 5);(3, 5);(4, 5);(5, 5);(5, 5);(5, 5);(5, 5);(5, 5);(5, 5);(5, 5);(5, 5);(5, 5)","(5, 5)",0.089273984641318,True
483,35,20,"(5, 5)","(1, 0);(2, 0);(3, 0);(3, 1);(4, 1);(3, 1);(3, 2);(4, 2);(5, 2);(5, 3);(4, 3);(5, 3);(5, 4);(5, 5);(5, 5);(5, 5);(5, 5);(5, 5);(5, 5);(5, 5)","(5, 5)",0.0888276147181114,True
484,50,20,"(5, 5)","(0, 1);(0, 2);(0, 3);(0, 4);(0, 5);(1, 5);(2, 5);(3, 5);(4, 5);(4, 5);(5, 5);(5, 5);(5, 5);(5, 5);(5, 5);(5, 5);(5, 5);(5, 5);(5, 5);(5, 5)","(5, 4)",0.08838347664452084,True
485,55,20,"(5, 5)","(1, 0);(2, 0);(2, 1);(2, 2);(2, 3);(3, 3);(4, 3);(5, 3);(5, 4);(5, 5);(5, 5);(5, 5);(5, 5);(5, 5);(5, 5);(5, 5);(5, 5);(5, 5);(5, 5);(5, 5)","(5, 5)",0.08794155926129824,True
486,55,20,"(5, 5)","(0, 1);(0, 2);(1, 2);(2, 2);(3, 2);(4, 2);(5, 2);(5, 3);(5, 4);(5, 5);(5, 5);(5, 5);(5, 5);(5, 5);(5, 5);(5, 5);(5, 5);(5, 5);(5, 5);(5, 5)","(5, 5)",0.08750185146499175,True
487,35,20,"(5, 5)","(0, 1);(0, 2);(1, 2);(2, 2);(3, 2);(4, 2);(3, 2);(4, 2);(5, 2);(4, 2);(5, 2);(5, 3);(5, 4);(5, 5);(5, 5);(5, 5);(5, 5);(5, 5);(5, 5);(5, 5)","(5, 5)",0.08706434220766679,True
488,40,20,"(5, 5)","(0, 0);(1, 0);(2, 0);(2, 1);(2, 2);(3, 2);(4, 2);(5, 2);(5, 3);(5, 2);(5, 3);(5, 4);(5, 5);(5, 5);(5, 5);(5, 5);(5, 5);(5, 5);(5, 5);(5, 5)","(5, 4)",0.08662902049662846,True
489,50,20,"(5, 5)","(0, 1);(0, 2);(1, 2);(2, 2);(3, 2);(4, 2);(5, 2);(5, 3);(5, 4);(5, 5);(5, 5);(5, 5);(5, 5);(5, 5);(5, 5);(5, 5);(4, 5);(5, 5);(5, 5);(5, 5)","(5, 5)",0.08619587539414532,True
490,40,20,"(5, 5)","(1, 0);(2, 0);(1, 0);(2, 0);(2, 1);(2, 2);(3, 2);(4, 2);(5, 2);(5, 3);(5, 4);(5, 5);(5, 5);(5, 5);(5, 5);(5, 5);(5, 5);(4, 5);(5, 5);(5, 5)","(5, 5)",0.08576489601717459,True
491,55,20,"(5, 5)","(1, 0);(2, 0);(2, 1);(2, 2);(3, 2);(4, 2);(4, 3);(5, 3);(5, 4);(5, 5);(5, 5);(5, 5);(5, 5);(5, 5);(5, 5);(5, 5);(5, 5);(5, 5);(5, 5);(5, 5)","(5, 5)",0.08533607153708872,True
492,50,20,"(5, 5)","(1, 0);(2, 0);(2, 0);(2, 1);(2, 2);(3, 2);(4, 2);(5, 2);(5, 3);(5, 4);(5, 5);(5, 5);(5, 5);(5, 5);(5, 5);(5, 5);(5, 5);(5, 5);(5, 5);(5, 5)","(5, 5)",0.08490939117940327,True
493,50,20,"(5, 5)","(1, 0);(2, 0);(2, 1);(2, 2);(3, 2);(4, 2);(5, 2);(5, 3);(5, 4);(5, 5);(5, 4);(5, 5);(5, 5);(5, 5);(5, 5);(5, 5);(5, 5);(5, 5);(5, 5);(5, 5)","(5, 5)",0.08448484422350626,True
494,55,20,"(5, 5)","(1, 0);(2, 0);(3, 0);(3, 1);(4, 1);(4, 2);(5, 2);(5, 3);(5, 4);(5, 5);(5, 5);(5, 5);(5, 5);(5, 5);(5, 5);(5, 5);(5, 5);(5, 5);(5, 5);(5, 5)","(5, 5)",0.08406242000238873,True
495,45,20,"(5, 5)","(0, 1);(0, 2);(1, 2);(1, 3);(1, 2);(2, 2);(2, 3);(3, 3);(4, 3);(5, 3);(5, 4);(5, 5);(5, 5);(5, 5);(5, 5);(5, 5);(5, 5);(5, 5);(5, 5);(5, 5)","(5, 5)",0.08364210790237678,True
496,45,20,"(5, 5)","(0, 1);(0, 2);(1, 2);(2, 2);(3, 2);(4, 2);(5, 2);(5, 3);(5, 4);(5, 5);(5, 5);(5, 5);(5, 5);(5, 5);(5, 4);(5, 5);(5, 5);(5, 4);(5, 5);(5, 5)","(5, 5)",0.0832238973628649,True
497,45,20,"(5, 5)","(0, 1);(0, 2);(1, 2);(2, 2);(1, 2);(2, 2);(3, 2);(3, 3);(3, 4);(4, 4);(5, 4);(5, 5);(5, 5);(5, 5);(5, 5);(5, 5);(5, 5);(5, 5);(5, 5);(5, 5)","(5, 5)",0.08280777787605056,True
498,50,20,"(5, 5)","(0, 0);(0, 1);(0, 2);(1, 2);(2, 2);(3, 2);(4, 2);(5, 2);(5, 3);(5, 4);(5, 5);(5, 5);(5, 5);(5, 5);(5, 5);(5, 5);(5, 5);(5, 5);(5, 5);(5, 5)","(5, 5)",0.08239373898667031,True
499,50,20,"(5, 5)","(0, 1);(0, 2);(1, 2);(2, 2);(3, 2);(4, 2);(5, 2);(5, 3);(5, 4);(5, 5);(5, 5);(5, 5);(4, 5);(5, 5);(5, 5);(5, 5);(5, 5);(5, 5);(5, 5);(5, 5)","(5, 5)",0.08198177029173696,True
500,55,20,"(5, 5)","(0, 1);(0, 2);(1, 2);(2, 2);(3, 2);(4, 2);(5, 2);(5, 3);(5, 4);(5, 5);(5, 5);(5, 5);(5, 5);(5, 5);(5, 5);(5, 5);(5, 5);(5, 5);(5, 5);(5, 5)","(5, 5)",0.08157186144027828,True
